Suburb,Postcode,Population,Age,Suburb_name_geojson,Unit_buy/M,Unit_rent,House_rent,House_buy/M,id
abbotsbury,2176,4242,40 to 59,ABBOTSBURY,,,600.0,0.84,ckan_91e70237_d9d1_4719_a82f_e71b811154c6.3140
abbotsford,2046,5366,40 to 59,ABBOTSFORD,1.03,595.0,875.0,2.1,ckan_91e70237_d9d1_4719_a82f_e71b811154c6.2911
acacia-gardens,2763,3786,20 to 39,ACACIA GARDENS,,,540.0,0.8,ckan_91e70237_d9d1_4719_a82f_e71b811154c6.4356
agnes-banks,2753,919,40 to 59,AGNES BANKS,,,,,ckan_91e70237_d9d1_4719_a82f_e71b811154c6.4566
airds,2560,2939,5 to 19,AIRDS,,,450.0,0.43,ckan_91e70237_d9d1_4719_a82f_e71b811154c6.1393
alexandria,2015,8266,20 to 39,ALEXANDRIA,0.73,595.0,800.0,1.43,ckan_91e70237_d9d1_4719_a82f_e71b811154c6.2085
alfords-point,2234,3093,40 to 59,ALFORDS POINT,,,738.0,1.21,ckan_91e70237_d9d1_4719_a82f_e71b811154c6.3828
allambie-heights,2100,7001,40 to 59,ALLAMBIE HEIGHTS,,585.0,800.0,1.6,ckan_91e70237_d9d1_4719_a82f_e71b811154c6.1624
allawah,2218,5729,20 to 39,ALLAWAH,0.63,455.0,570.0,0.95,ckan_91e70237_d9d1_4719_a82f_e71b811154c6.3884
ambarvale,2560,7358,20 to 39,AMBARVALE,,325.0,385.0,0.54,ckan_91e70237_d9d1_4719_a82f_e71b811154c6.1487
annandale,2038,9459,20 to 39,ANNANDALE,0.84,488.0,800.0,1.54,ckan_91e70237_d9d1_4719_a82f_e71b811154c6.2858
annangrove,2156,1403,40 to 59,ANNANGROVE,,,450.0,0.57,ckan_91e70237_d9d1_4719_a82f_e71b811154c6.2162
arcadia,2159,1373,40 to 59,ARCADIA,,,600.0,1.04,ckan_91e70237_d9d1_4719_a82f_e71b811154c6.2155
arncliffe,2205,10593,20 to 39,ARNCLIFFE,0.65,590.0,650.0,1.05,ckan_91e70237_d9d1_4719_a82f_e71b811154c6.4590
arndell-park,2148,30,20 to 39,ARNDELL PARK,,,,,ckan_91e70237_d9d1_4719_a82f_e71b811154c6.2559
artarmon,2064,9527,20 to 39,ARTARMON,0.87,540.0,950.0,2.63,ckan_91e70237_d9d1_4719_a82f_e71b811154c6.3840
ashbury,2193,3343,40 to 59,ASHBURY,,,650.0,1.42,ckan_91e70237_d9d1_4719_a82f_e71b811154c6.3090
ashcroft,2168,3584,20 to 39,ASHCROFT,,,390.0,0.6,ckan_91e70237_d9d1_4719_a82f_e71b811154c6.1606
ashfield,2131,23832,20 to 39,ASHFIELD,0.64,480.0,675.0,1.4,ckan_91e70237_d9d1_4719_a82f_e71b811154c6.2555
asquith,2077,3366,40 to 59,ASQUITH,0.63,500.0,555.0,0.98,ckan_91e70237_d9d1_4719_a82f_e71b811154c6.1668
auburn,2144,37373,20 to 39,AUBURN,0.57,430.0,493.0,0.8,ckan_91e70237_d9d1_4719_a82f_e71b811154c6.4120
austral,2179,3033,60+,AUSTRAL,,280.0,500.0,1.09,ckan_91e70237_d9d1_4719_a82f_e71b811154c6.713
avalon-beach,2107,9906,40 to 59,AVALON BEACH,0.83,500.0,895.0,1.8,ckan_91e70237_d9d1_4719_a82f_e71b811154c6.2044
badgerys-creek,2555,233,20 to 39,BADGERYS CREEK,,,,,ckan_91e70237_d9d1_4719_a82f_e71b811154c6.1761
balgowlah-heights,2093,3350,40 to 59,BALGOWLAH HEIGHTS,,,1275.0,2.72,ckan_91e70237_d9d1_4719_a82f_e71b811154c6.801
balgowlah,2093,7980,40 to 59,BALGOWLAH,1.05,600.0,1050.0,2.06,ckan_91e70237_d9d1_4719_a82f_e71b811154c6.3549
balmain-east,2041,1934,40 to 59,BALMAIN EAST,1.5,680.0,925.0,2.65,ckan_91e70237_d9d1_4719_a82f_e71b811154c6.2248
balmain,2041,10456,40 to 59,BALMAIN,0.96,650.0,850.0,1.84,ckan_91e70237_d9d1_4719_a82f_e71b811154c6.2913
bangor,2234,5575,40 to 59,BANGOR,,600.0,723.0,1.0,ckan_91e70237_d9d1_4719_a82f_e71b811154c6.4399
banksia,2216,3380,20 to 39,BANKSIA,,425.0,600.0,1.05,ckan_91e70237_d9d1_4719_a82f_e71b811154c6.768
banksmeadow,2019,18,60+,BANKSMEADOW,,,,,ckan_91e70237_d9d1_4719_a82f_e71b811154c6.2557
bankstown,2200,32116,20 to 39,BANKSTOWN,0.47,420.0,500.0,0.86,ckan_91e70237_d9d1_4719_a82f_e71b811154c6.574
bankstown-aerodrome,2200,32116,20 to 39,BANKSTOWN AERODROME,,,,,ckan_91e70237_d9d1_4719_a82f_e71b811154c6.4487
barangaroo,2000,187,20 to 39,BARANGAROO,,1300.0,,,ckan_91e70237_d9d1_4719_a82f_e71b811154c6.4355
barden-ridge,2234,4312,40 to 59,BARDEN RIDGE,,403.0,798.0,1.16,ckan_91e70237_d9d1_4719_a82f_e71b811154c6.1052
bardia,2565,4312,40 to 59,BARDIA,,290.0,510.0,0.63,ckan_91e70237_d9d1_4719_a82f_e71b811154c6.3816
bardwell-park,2207,2241,40 to 59,BARDWELL PARK,,483.0,650.0,1.15,ckan_91e70237_d9d1_4719_a82f_e71b811154c6.1774
bardwell-valley,2207,2328,40 to 59,BARDWELL VALLEY,,,580.0,1.1,ckan_91e70237_d9d1_4719_a82f_e71b811154c6.1776
bass-hill,2197,9071,20 to 39,BASS HILL,0.57,460.0,570.0,0.78,ckan_91e70237_d9d1_4719_a82f_e71b811154c6.554
baulkham-hills,2153,37045,40 to 59,BAULKHAM HILLS,0.74,500.0,580.0,1.11,ckan_91e70237_d9d1_4719_a82f_e71b811154c6.1233
bayview,2104,3624,60+,BAYVIEW,,550.0,1100.0,1.7,ckan_91e70237_d9d1_4719_a82f_e71b811154c6.4448
beacon-hill,2100,7451,40 to 59,BEACON HILL,,475.0,800.0,1.38,ckan_91e70237_d9d1_4719_a82f_e71b811154c6.3149
beaconsfield,2015,978,20 to 39,BEACONSFIELD,1.02,630.0,750.0,1.52,ckan_91e70237_d9d1_4719_a82f_e71b811154c6.3352
beaumont-hills,2155,9052,40 to 59,BEAUMONT HILLS,,,650.0,1.1,ckan_91e70237_d9d1_4719_a82f_e71b811154c6.4276
beecroft,2119,9392,40 to 59,BEECROFT,0.9,495.0,740.0,1.65,ckan_91e70237_d9d1_4719_a82f_e71b811154c6.2509
belfield,2191,6318,40 to 59,BELFIELD,0.69,470.0,600.0,1.1,ckan_91e70237_d9d1_4719_a82f_e71b811154c6.43
bella-vista,2153,7823,40 to 59,BELLA VISTA,,600.0,740.0,1.62,ckan_91e70237_d9d1_4719_a82f_e71b811154c6.4482
bellevue-hill,2023,10709,20 to 39,BELLEVUE HILL,1.21,680.0,1800.0,5.72,ckan_91e70237_d9d1_4719_a82f_e71b811154c6.1816
belmore,2192,12720,20 to 39,BELMORE,0.5,390.0,568.0,0.95,ckan_91e70237_d9d1_4719_a82f_e71b811154c6.597
belrose,2085,8781,60+,BELROSE,0.52,720.0,1000.0,1.45,ckan_91e70237_d9d1_4719_a82f_e71b811154c6.650
berala,2141,9026,20 to 39,BERALA,0.48,368.0,480.0,0.85,ckan_91e70237_d9d1_4719_a82f_e71b811154c6.1976
berkshire-park,2765,2138,20 to 39,BERKSHIRE PARK,,,600.0,1.04,ckan_91e70237_d9d1_4719_a82f_e71b811154c6.1450
berowra-creek,2082,14,60+,BEROWRA CREEK,,,,,ckan_91e70237_d9d1_4719_a82f_e71b811154c6.2750
berowra-heights,2082,5272,40 to 59,BEROWRA HEIGHTS,,518.0,580.0,0.94,ckan_91e70237_d9d1_4719_a82f_e71b811154c6.2364
berowra-waters,2082,135,60+,BEROWRA WATERS,,,,,ckan_91e70237_d9d1_4719_a82f_e71b811154c6.2832
berowra,2081,4727,40 to 59,BEROWRA,,423.0,588.0,1.06,ckan_91e70237_d9d1_4719_a82f_e71b811154c6.942
berrilee,2159,236,40 to 59,BERRILEE,,,,,ckan_91e70237_d9d1_4719_a82f_e71b811154c6.4190
beverley-park,2217,2392,40 to 59,BEVERLEY PARK,,555.0,600.0,1.15,ckan_91e70237_d9d1_4719_a82f_e71b811154c6.3413
beverly-hills,2209,10167,20 to 39,BEVERLY HILLS,0.65,470.0,600.0,1.03,ckan_91e70237_d9d1_4719_a82f_e71b811154c6.550
bexley-north,2207,4096,40 to 59,BEXLEY NORTH,,470.0,620.0,1.17,ckan_91e70237_d9d1_4719_a82f_e71b811154c6.2758
bexley,2207,19722,20 to 39,BEXLEY,0.65,450.0,600.0,1.05,ckan_91e70237_d9d1_4719_a82f_e71b811154c6.3756
bickley-vale,2570,19722,20 to 39,BICKLEY VALE,,,,,ckan_91e70237_d9d1_4719_a82f_e71b811154c6.464
bidwill,2770,4281,5 to 19,BIDWILL,,,350.0,0.49,ckan_91e70237_d9d1_4719_a82f_e71b811154c6.2726
bilgola-beach,2107,4281,5 to 19,BILGOLA BEACH,,,,,ckan_91e70237_d9d1_4719_a82f_e71b811154c6.2318
bilgola-plateau,2107,4281,5 to 19,BILGOLA PLATEAU,,575.0,950.0,1.66,ckan_91e70237_d9d1_4719_a82f_e71b811154c6.3889
birchgrove,2041,3302,40 to 59,BIRCHGROVE,0.95,575.0,920.0,1.71,ckan_91e70237_d9d1_4719_a82f_e71b811154c6.1072
birrong,2143,3109,20 to 39,BIRRONG,,,475.0,0.76,ckan_91e70237_d9d1_4719_a82f_e71b811154c6.4210
blackett,2770,3452,20 to 39,BLACKETT,,,330.0,0.45,ckan_91e70237_d9d1_4719_a82f_e71b811154c6.1700
blacktown,2148,47175,20 to 39,BLACKTOWN,0.45,390.0,405.0,0.66,ckan_91e70237_d9d1_4719_a82f_e71b811154c6.2459
blair-athol,2560,2886,20 to 39,BLAIR ATHOL,,,485.0,0.7,ckan_91e70237_d9d1_4719_a82f_e71b811154c6.1351
blairmount,2559,422,20 to 39,BLAIRMOUNT,,345.0,463.0,0.61,ckan_91e70237_d9d1_4719_a82f_e71b811154c6.3080
blakehurst,2221,6213,40 to 59,BLAKEHURST,,378.0,655.0,1.4,ckan_91e70237_d9d1_4719_a82f_e71b811154c6.2548
blaxlands-ridge,2758,497,40 to 59,BLAXLANDS RIDGE,,,,,ckan_91e70237_d9d1_4719_a82f_e71b811154c6.3467
bligh-park,2756,6362,20 to 39,BLIGH PARK,0.52,,420.0,0.64,ckan_91e70237_d9d1_4719_a82f_e71b811154c6.552
bondi-beach,2026,11659,20 to 39,BONDI BEACH,1.15,695.0,1250.0,2.37,ckan_91e70237_d9d1_4719_a82f_e71b811154c6.3560
bondi-junction,2022,9464,20 to 39,BONDI JUNCTION,0.99,690.0,1000.0,2.1,ckan_91e70237_d9d1_4719_a82f_e71b811154c6.4530
bondi,2026,10043,20 to 39,BONDI,1.04,675.0,1250.0,2.63,ckan_91e70237_d9d1_4719_a82f_e71b811154c6.4531
bonnet-bay,2226,2266,40 to 59,BONNET BAY,,,793.0,1.12,ckan_91e70237_d9d1_4719_a82f_e71b811154c6.4571
bonnyrigg-heights,2177,7310,40 to 59,BONNYRIGG HEIGHTS,,400.0,450.0,0.71,ckan_91e70237_d9d1_4719_a82f_e71b811154c6.1060
bonnyrigg,2177,8670,20 to 39,BONNYRIGG,,410.0,440.0,0.67,ckan_91e70237_d9d1_4719_a82f_e71b811154c6.549
bossley-park,2176,14594,40 to 59,BOSSLEY PARK,,383.0,483.0,0.8,ckan_91e70237_d9d1_4719_a82f_e71b811154c6.3029
botany,2019,10823,20 to 39,BOTANY,0.8,575.0,800.0,1.45,ckan_91e70237_d9d1_4719_a82f_e71b811154c6.4515
bow-bowing,2566,1590,40 to 59,BOW BOWING,,,430.0,0.57,ckan_91e70237_d9d1_4719_a82f_e71b811154c6.3338
box-hill,2765,905,60+,BOX HILL,,340.0,550.0,0.82,ckan_91e70237_d9d1_4719_a82f_e71b811154c6.570
bradbury,2560,8798,20 to 39,BRADBURY,0.4,300.0,390.0,0.56,ckan_91e70237_d9d1_4719_a82f_e71b811154c6.1394
breakfast-point,2137,4208,20 to 39,BREAKFAST POINT,1.1,660.0,,,ckan_91e70237_d9d1_4719_a82f_e71b811154c6.2345
brighton-le-sands,2216,8324,20 to 39,BRIGHTON-LE-SANDS,0.62,460.0,688.0,1.27,ckan_91e70237_d9d1_4719_a82f_e71b811154c6.3022
bringelly,2556,2511,40 to 59,BRINGELLY,,,550.0,0.89,ckan_91e70237_d9d1_4719_a82f_e71b811154c6.1196
bronte,2024,6718,20 to 39,BRONTE,0.96,695.0,1390.0,3.15,ckan_91e70237_d9d1_4719_a82f_e71b811154c6.1194
brooklyn,2083,715,40 to 59,BROOKLYN,,,,,ckan_91e70237_d9d1_4719_a82f_e71b811154c6.2573
brookvale,2100,3176,20 to 39,BROOKVALE,0.76,535.0,788.0,1.64,ckan_91e70237_d9d1_4719_a82f_e71b811154c6.317
bundeena,2230,1918,40 to 59,BUNDEENA,,,600.0,1.03,ckan_91e70237_d9d1_4719_a82f_e71b811154c6.4377
bungarribee,2767,1918,40 to 59,BUNGARRIBEE,,,,,ckan_91e70237_d9d1_4719_a82f_e71b811154c6.2126
burraneer,2230,1918,40 to 59,BURRANEER,,683.0,1000.0,1.92,ckan_91e70237_d9d1_4719_a82f_e71b811154c6.2917
burwood-heights,2136,989,20 to 39,BURWOOD HEIGHTS,0.69,500.0,,,ckan_91e70237_d9d1_4719_a82f_e71b811154c6.4343
burwood,2134,16011,20 to 39,BURWOOD,0.78,560.0,650.0,1.87,ckan_91e70237_d9d1_4719_a82f_e71b811154c6.808
busby,2168,4306,20 to 39,BUSBY,,350.0,370.0,0.56,ckan_91e70237_d9d1_4719_a82f_e71b811154c6.63
cabarita,2137,1973,60+,CABARITA,1.74,730.0,700.0,2.38,ckan_91e70237_d9d1_4719_a82f_e71b811154c6.3670
cabramatta,2166,21803,20 to 39,CABRAMATTA,0.41,330.0,410.0,0.82,ckan_91e70237_d9d1_4719_a82f_e71b811154c6.677
cabramatta-west,2166,7237,40 to 59,CABRAMATTA WEST,,305.0,445.0,0.76,ckan_91e70237_d9d1_4719_a82f_e71b811154c6.727
caddens,2747,0,,CADDENS,,,590.0,0.46,ckan_91e70237_d9d1_4719_a82f_e71b811154c6.2236
cambridge-gardens,2747,2029,20 to 39,CAMBRIDGE GARDENS,,,433.0,0.63,ckan_91e70237_d9d1_4719_a82f_e71b811154c6.3122
cambridge-park,2747,6716,20 to 39,CAMBRIDGE PARK,0.48,380.0,390.0,0.58,ckan_91e70237_d9d1_4719_a82f_e71b811154c6.2546
camden-park,2570,2242,40 to 59,CAMDEN PARK,,,565.2215238138646,0.94,ckan_91e70237_d9d1_4719_a82f_e71b811154c6.4081
camden-south,2570,4524,20 to 39,CAMDEN SOUTH,,400.0,450.0,0.65,ckan_91e70237_d9d1_4719_a82f_e71b811154c6.3384
camden,2570,3221,60+,CAMDEN,0.4,385.0,443.0,0.68,ckan_91e70237_d9d1_4719_a82f_e71b811154c6.665
camellia,2142,0,60+,CAMELLIA,,,,,ckan_91e70237_d9d1_4719_a82f_e71b811154c6.3758
cammeray,2062,7017,20 to 39,CAMMERAY,0.9,550.0,773.0,2.37,ckan_91e70237_d9d1_4719_a82f_e71b811154c6.2865
campbelltown,2560,12561,20 to 39,CAMPBELLTOWN,0.41,380.0,400.0,0.53,ckan_91e70237_d9d1_4719_a82f_e71b811154c6.2008
camperdown,2050,10352,20 to 39,CAMPERDOWN,0.75,600.0,750.0,1.21,ckan_91e70237_d9d1_4719_a82f_e71b811154c6.3638
campsie,2194,24539,20 to 39,CAMPSIE,0.55,430.0,595.0,1.03,ckan_91e70237_d9d1_4719_a82f_e71b811154c6.547
canada-bay,2046,1255,40 to 59,CANADA BAY,,535.0,720.0,1.62,ckan_91e70237_d9d1_4719_a82f_e71b811154c6.981
canley-heights,2166,10971,40 to 59,CANLEY HEIGHTS,,390.0,460.0,0.75,ckan_91e70237_d9d1_4719_a82f_e71b811154c6.897
canley-vale,2166,10214,20 to 39,CANLEY VALE,0.39,330.0,420.0,0.8,ckan_91e70237_d9d1_4719_a82f_e71b811154c6.538
canoelands,2157,179,40 to 59,CANOELANDS,,,,,ckan_91e70237_d9d1_4719_a82f_e71b811154c6.4309
canterbury,2193,7240,20 to 39,CANTERBURY,0.63,500.0,600.0,1.24,ckan_91e70237_d9d1_4719_a82f_e71b811154c6.932
caringbah,2229,11672,20 to 39,CARINGBAH,0.68,480.0,750.0,1.17,ckan_91e70237_d9d1_4719_a82f_e71b811154c6.2857
caringbah-south,2229,0,,CARINGBAH SOUTH,1.02,740.0,870.0,1.51,ckan_91e70237_d9d1_4719_a82f_e71b811154c6.4584
carlingford,2118,24401,40 to 59,CARLINGFORD,0.69,485.0,600.0,1.32,ckan_91e70237_d9d1_4719_a82f_e71b811154c6.1973
carlton,2218,10731,20 to 39,CARLTON,0.65,450.0,583.0,1.21,ckan_91e70237_d9d1_4719_a82f_e71b811154c6.3414
carnes-hill,2171,0,,CARNES HILL,,,595.0,0.84,ckan_91e70237_d9d1_4719_a82f_e71b811154c6.1496
carramar,2163,3547,20 to 39,CARRAMAR,0.35,300.0,400.0,0.64,ckan_91e70237_d9d1_4719_a82f_e71b811154c6.744
carss-park,2221,1259,40 to 59,CARSS PARK,,,695.0,1.26,ckan_91e70237_d9d1_4719_a82f_e71b811154c6.1820
cartwright,2168,2386,40 to 59,CARTWRIGHT,,250.0,400.0,0.54,ckan_91e70237_d9d1_4719_a82f_e71b811154c6.3680
castle-cove,2069,2552,40 to 59,CASTLE COVE,,,1100.0,2.54,ckan_91e70237_d9d1_4719_a82f_e71b811154c6.4054
castle-hill,2154,39610,40 to 59,CASTLE HILL,0.81,520.0,650.0,1.4,ckan_91e70237_d9d1_4719_a82f_e71b811154c6.690
castlecrag,2068,2944,40 to 59,CASTLECRAG,,,970.0,2.72,ckan_91e70237_d9d1_4719_a82f_e71b811154c6.2553
castlereagh,2749,1164,40 to 59,CASTLEREAGH,,,,,ckan_91e70237_d9d1_4719_a82f_e71b811154c6.2603
casula,2170,15667,20 to 39,CASULA,0.57,450.0,480.0,0.75,ckan_91e70237_d9d1_4719_a82f_e71b811154c6.4100
catherine-field,2557,1669,40 to 59,CATHERINE FIELD,,,500.0,1.03,ckan_91e70237_d9d1_4719_a82f_e71b811154c6.1238
cattai,2756,801,40 to 59,CATTAI,,,,,ckan_91e70237_d9d1_4719_a82f_e71b811154c6.4126
cecil-hills,2171,7021,40 to 59,CECIL HILLS,,,508.0,0.84,ckan_91e70237_d9d1_4719_a82f_e71b811154c6.3193
cecil-park,2178,769,40 to 59,CECIL PARK,,,,,ckan_91e70237_d9d1_4719_a82f_e71b811154c6.712
centennial-park,2021,2372,20 to 39,CENTENNIAL PARK,0.74,500.0,1150.0,2.78,ckan_91e70237_d9d1_4719_a82f_e71b811154c6.284
central-colo,2756,32,40 to 59,CENTRAL COLO,,,,,ckan_91e70237_d9d1_4719_a82f_e71b811154c6.253
central-macdonald,2775,37,40 to 59,CENTRAL MACDONALD,,,,,ckan_91e70237_d9d1_4719_a82f_e71b811154c6.347
chatswood-west,2067,1492,40 to 59,CHATSWOOD WEST,,,797.6368296445004,1.67,ckan_91e70237_d9d1_4719_a82f_e71b811154c6.1648
chatswood,2067,24900,20 to 39,CHATSWOOD,0.98,615.0,900.0,2.18,ckan_91e70237_d9d1_4719_a82f_e71b811154c6.2362
cheltenham,2119,2249,40 to 59,CHELTENHAM,,,695.0,1.57,ckan_91e70237_d9d1_4719_a82f_e71b811154c6.1618
cherrybrook,2126,18764,40 to 59,CHERRYBROOK,0.97,460.0,710.0,1.4,ckan_91e70237_d9d1_4719_a82f_e71b811154c6.4386
chester-hill,2162,12823,20 to 39,CHESTER HILL,,410.0,495.0,0.76,ckan_91e70237_d9d1_4719_a82f_e71b811154c6.584
chifley,2036,3225,40 to 59,CHIFLEY,,440.0,1050.0,1.67,ckan_91e70237_d9d1_4719_a82f_e71b811154c6.313
chippendale,2008,8615,20 to 39,CHIPPENDALE,0.68,630.0,850.0,1.35,ckan_91e70237_d9d1_4719_a82f_e71b811154c6.3591
chipping-norton,2170,8988,20 to 39,CHIPPING NORTON,0.46,415.0,550.0,0.89,ckan_91e70237_d9d1_4719_a82f_e71b811154c6.545
chiswick,2046,2927,20 to 39,CHISWICK,0.84,600.0,1100.0,2.63,ckan_91e70237_d9d1_4719_a82f_e71b811154c6.3366
chullora,2190,0,60+,CHULLORA,,,,,ckan_91e70237_d9d1_4719_a82f_e71b811154c6.717
church-point,2105,983,60+,CHURCH POINT,,,1025.0,1.61,ckan_91e70237_d9d1_4719_a82f_e71b811154c6.653
claremont-meadows,2747,4782,20 to 39,CLAREMONT MEADOWS,,,420.0,0.68,ckan_91e70237_d9d1_4719_a82f_e71b811154c6.541
clarendon,2756,110,40 to 59,CLARENDON,,,,,ckan_91e70237_d9d1_4719_a82f_e71b811154c6.576
clareville,2107,753,60+,CLAREVILLE,,,973.1341013941644,2.22,ckan_91e70237_d9d1_4719_a82f_e71b811154c6.3025
claymore,2559,2651,5 to 19,CLAYMORE,,,485.0,0.68,ckan_91e70237_d9d1_4719_a82f_e71b811154c6.2609
clemton-park,2206,1655,60+,CLEMTON PARK,,520.0,650.0,1.11,ckan_91e70237_d9d1_4719_a82f_e71b811154c6.898
clontarf,2093,1742,40 to 59,CLONTARF,,,1700.0,3.83,ckan_91e70237_d9d1_4719_a82f_e71b811154c6.2301
clovelly,2031,4752,20 to 39,CLOVELLY,1.25,690.0,1450.0,2.72,ckan_91e70237_d9d1_4719_a82f_e71b811154c6.485
clyde,2142,3,20 to 39,CLYDE,,,,,ckan_91e70237_d9d1_4719_a82f_e71b811154c6.4437
coasters-retreat,2108,43,60+,COASTERS RETREAT,,,,,ckan_91e70237_d9d1_4719_a82f_e71b811154c6.2120
cobbitty,2570,2062,40 to 59,COBBITTY,,,500.0,0.72,ckan_91e70237_d9d1_4719_a82f_e71b811154c6.1173
colebee,2761,1928,20 to 39,COLEBEE,,,600.0,0.92,ckan_91e70237_d9d1_4719_a82f_e71b811154c6.2674
collaroy-plateau,2097,0,,COLLAROY PLATEAU,,460.0,890.0,1.59,ckan_91e70237_d9d1_4719_a82f_e71b811154c6.3550
collaroy,2097,7860,20 to 39,COLLAROY,0.89,550.0,995.0,2.41,ckan_91e70237_d9d1_4719_a82f_e71b811154c6.1227
colo,2756,63,5 to 19,COLO,,,,,ckan_91e70237_d9d1_4719_a82f_e71b811154c6.3779
colo-heights,2756,338,40 to 59,COLO HEIGHTS,,,,,ckan_91e70237_d9d1_4719_a82f_e71b811154c6.1333
colyton,2760,8445,20 to 39,COLYTON,,320.0,390.0,0.58,ckan_91e70237_d9d1_4719_a82f_e71b811154c6.2682
como,2226,3984,40 to 59,COMO,,493.0,670.0,1.22,ckan_91e70237_d9d1_4719_a82f_e71b811154c6.3146
concord-west,2138,5910,40 to 59,CONCORD WEST,,365.0,690.0,1.65,ckan_91e70237_d9d1_4719_a82f_e71b811154c6.286
concord,2137,14531,40 to 59,CONCORD,0.85,480.0,710.0,1.77,ckan_91e70237_d9d1_4719_a82f_e71b811154c6.3
condell-park,2200,11564,20 to 39,CONDELL PARK,0.65,520.0,600.0,0.84,ckan_91e70237_d9d1_4719_a82f_e71b811154c6.540
connells-point,2221,2816,40 to 59,CONNELLS POINT,,600.0,665.0,1.77,ckan_91e70237_d9d1_4719_a82f_e71b811154c6.1701
constitution-hill,2145,3966,20 to 39,CONSTITUTION HILL,,490.0,485.0,0.78,ckan_91e70237_d9d1_4719_a82f_e71b811154c6.3879
coogee,2034,15219,20 to 39,COOGEE,1.1,650.0,1100.0,2.45,ckan_91e70237_d9d1_4719_a82f_e71b811154c6.1711
cottage-point,2084,105,60+,COTTAGE POINT,,,,,ckan_91e70237_d9d1_4719_a82f_e71b811154c6.520
cowan,2081,647,40 to 59,COWAN,,,,,ckan_91e70237_d9d1_4719_a82f_e71b811154c6.1908
cranebrook,2749,15758,20 to 39,CRANEBROOK,,400.0,450.0,0.6,ckan_91e70237_d9d1_4719_a82f_e71b811154c6.2678
cremorne-point,2090,2409,40 to 59,CREMORNE POINT,1.4,700.0,,,ckan_91e70237_d9d1_4719_a82f_e71b811154c6.2817
cremorne,2090,11229,20 to 39,CREMORNE,1.03,595.0,1020.0,2.33,ckan_91e70237_d9d1_4719_a82f_e71b811154c6.2830
cromer,2099,7584,40 to 59,CROMER,,550.0,860.0,1.46,ckan_91e70237_d9d1_4719_a82f_e71b811154c6.2941
cronulla,2230,18083,20 to 39,CRONULLA,0.76,450.0,850.0,1.9,ckan_91e70237_d9d1_4719_a82f_e71b811154c6.1207
crows-nest,2065,4802,20 to 39,CROWS NEST,0.84,550.0,895.0,1.85,ckan_91e70237_d9d1_4719_a82f_e71b811154c6.814
croydon-park,2133,11017,40 to 59,CROYDON PARK,0.57,395.0,620.0,1.28,ckan_91e70237_d9d1_4719_a82f_e71b811154c6.45
croydon,2132,10608,40 to 59,CROYDON,0.73,465.0,668.0,1.35,ckan_91e70237_d9d1_4719_a82f_e71b811154c6.628
cumberland-reach,2756,182,40 to 59,CUMBERLAND REACH,,,,,ckan_91e70237_d9d1_4719_a82f_e71b811154c6.1662
curl-curl,2096,2419,40 to 59,CURL CURL,1.19,800.0,948.0,2.26,ckan_91e70237_d9d1_4719_a82f_e71b811154c6.769
currans-hill,2567,5291,20 to 39,CURRANS HILL,,350.0,440.0,0.62,ckan_91e70237_d9d1_4719_a82f_e71b811154c6.4317
currawong-beach,2108,0,,CURRAWONG BEACH,,,,,ckan_91e70237_d9d1_4719_a82f_e71b811154c6.3119
daceyville,2032,1204,60+,DACEYVILLE,,,,,ckan_91e70237_d9d1_4719_a82f_e71b811154c6.3327
dangar-island,2083,310,40 to 59,DANGAR ISLAND,,,,,ckan_91e70237_d9d1_4719_a82f_e71b811154c6.780
darling-point,2027,4192,60+,DARLING POINT,1.9,850.0,2000.0,5.47,ckan_91e70237_d9d1_4719_a82f_e71b811154c6.928
darlinghurst,2010,11322,20 to 39,DARLINGHURST,0.83,590.0,900.0,1.72,ckan_91e70237_d9d1_4719_a82f_e71b811154c6.3672
darlington,2008,3092,20 to 39,DARLINGTON,,593.0,800.0,1.33,ckan_91e70237_d9d1_4719_a82f_e71b811154c6.3743
davidson,2085,2841,40 to 59,DAVIDSON,,,973.0,1.43,ckan_91e70237_d9d1_4719_a82f_e71b811154c6.229
dawes-point,2000,359,40 to 59,DAWES POINT,,,,,ckan_91e70237_d9d1_4719_a82f_e71b811154c6.3709
dean-park,2761,3226,20 to 39,DEAN PARK,,,390.0,0.63,ckan_91e70237_d9d1_4719_a82f_e71b811154c6.2062
dee-why,2099,21518,20 to 39,DEE WHY,0.73,540.0,800.0,1.65,ckan_91e70237_d9d1_4719_a82f_e71b811154c6.1182
denham-court,2565,1982,20 to 39,DENHAM COURT,,465.0,548.0,0.76,ckan_91e70237_d9d1_4719_a82f_e71b811154c6.711
denistone-east,2112,2246,40 to 59,DENISTONE EAST,,600.0,750.0,1.31,ckan_91e70237_d9d1_4719_a82f_e71b811154c6.3682
denistone-west,2114,935,40 to 59,DENISTONE WEST,,,590.0,1.01,ckan_91e70237_d9d1_4719_a82f_e71b811154c6.2512
denistone,2114,3750,40 to 59,DENISTONE,0.94,523.0,658.0,1.46,ckan_91e70237_d9d1_4719_a82f_e71b811154c6.1630
the-devils-wilderness,2758,0,60+,THE DEVILS WILDERNESS,,,,,ckan_91e70237_d9d1_4719_a82f_e71b811154c6.255
dharruk,2770,2765,20 to 39,DHARRUK,,,373.0,0.52,ckan_91e70237_d9d1_4719_a82f_e71b811154c6.498
dolans-bay,2229,602,40 to 59,DOLANS BAY,,,800.0,1.68,ckan_91e70237_d9d1_4719_a82f_e71b811154c6.4277
dolls-point,2219,1658,40 to 59,DOLLS POINT,0.72,460.0,,,ckan_91e70237_d9d1_4719_a82f_e71b811154c6.822
doonside,2767,13461,20 to 39,DOONSIDE,0.52,350.0,400.0,0.6,ckan_91e70237_d9d1_4719_a82f_e71b811154c6.2196
double-bay,2028,4636,20 to 39,DOUBLE BAY,1.3,730.0,1600.0,3.95,ckan_91e70237_d9d1_4719_a82f_e71b811154c6.2304
dover-heights,2030,3799,40 to 59,DOVER HEIGHTS,0.81,630.0,1350.0,3.65,ckan_91e70237_d9d1_4719_a82f_e71b811154c6.35
drummoyne,2047,11941,20 to 39,DRUMMOYNE,0.99,600.0,820.0,1.76,ckan_91e70237_d9d1_4719_a82f_e71b811154c6.2359
duffys-forest,2084,474,40 to 59,DUFFYS FOREST,,,,,ckan_91e70237_d9d1_4719_a82f_e71b811154c6.3695
dulwich-hill,2203,13712,20 to 39,DULWICH HILL,0.7,460.0,725.0,1.48,ckan_91e70237_d9d1_4719_a82f_e71b811154c6.4294
dundas-valley,2117,5402,20 to 39,DUNDAS VALLEY,0.82,550.0,550.0,1.1,ckan_91e70237_d9d1_4719_a82f_e71b811154c6.48
dundas,2117,4729,20 to 39,DUNDAS,0.61,440.0,425.0,1.05,ckan_91e70237_d9d1_4719_a82f_e71b811154c6.565
dural,2158,7560,40 to 59,DURAL,0.78,445.0,650.0,1.3,ckan_91e70237_d9d1_4719_a82f_e71b811154c6.3123
eagle-vale,2558,5794,20 to 39,EAGLE VALE,,373.0,400.0,0.58,ckan_91e70237_d9d1_4719_a82f_e71b811154c6.2544
earlwood,2206,17744,40 to 59,EARLWOOD,0.76,500.0,670.0,1.3,ckan_91e70237_d9d1_4719_a82f_e71b811154c6.676
east-hills,2213,3205,40 to 59,EAST HILLS,,425.0,550.0,0.86,ckan_91e70237_d9d1_4719_a82f_e71b811154c6.2241
east-killara,2071,2979,40 to 59,EAST KILLARA,,,1050.0,2.38,ckan_91e70237_d9d1_4719_a82f_e71b811154c6.148
east-kurrajong,2758,2202,40 to 59,EAST KURRAJONG,,,465.0,1.17,ckan_91e70237_d9d1_4719_a82f_e71b811154c6.133
east-lindfield,2070,3731,40 to 59,EAST LINDFIELD,,,1100.0,2.44,ckan_91e70237_d9d1_4719_a82f_e71b811154c6.835
east-ryde,2113,2440,40 to 59,EAST RYDE,,,850.0,1.5,ckan_91e70237_d9d1_4719_a82f_e71b811154c6.312
eastern-creek,2766,824,20 to 39,EASTERN CREEK,,,410.0,0.63,ckan_91e70237_d9d1_4719_a82f_e71b811154c6.3465
eastgardens,2036,858,60+,EASTGARDENS,0.88,,808.0,1.7,ckan_91e70237_d9d1_4719_a82f_e71b811154c6.1900
eastlakes,2018,6922,20 to 39,EASTLAKES,0.59,450.0,700.0,1.35,ckan_91e70237_d9d1_4719_a82f_e71b811154c6.2447
eastwood,2122,17852,20 to 39,EASTWOOD,0.66,450.0,665.0,1.58,ckan_91e70237_d9d1_4719_a82f_e71b811154c6.3832
ebenezer,2756,984,40 to 59,EBENEZER,,,490.0,0.7,ckan_91e70237_d9d1_4719_a82f_e71b811154c6.3658
edensor-park,2176,9764,40 to 59,EDENSOR PARK,,400.0,460.0,0.79,ckan_91e70237_d9d1_4719_a82f_e71b811154c6.3872
edgecliff,2027,2576,20 to 39,EDGECLIFF,1.23,550.0,900.0,1.97,ckan_91e70237_d9d1_4719_a82f_e71b811154c6.3394
edmondson-park,2174,2269,20 to 39,EDMONDSON PARK,,385.0,563.0,0.87,ckan_91e70237_d9d1_4719_a82f_e71b811154c6.1813
elanora-heights,2101,4353,40 to 59,ELANORA HEIGHTS,,420.0,830.0,1.6,ckan_91e70237_d9d1_4719_a82f_e71b811154c6.1758
elderslie,2570,6020,20 to 39,ELDERSLIE,,350.0,490.0,0.67,ckan_91e70237_d9d1_4719_a82f_e71b811154c6.2097
elizabeth-bay,2011,5218,20 to 39,ELIZABETH BAY,0.9,500.0,,,ckan_91e70237_d9d1_4719_a82f_e71b811154c6.728
elizabeth-hills,2171,0,,ELIZABETH HILLS,,,565.0,0.8,ckan_91e70237_d9d1_4719_a82f_e71b811154c6.3290
ellis-lane,2570,837,40 to 59,ELLIS LANE,,,,,ckan_91e70237_d9d1_4719_a82f_e71b811154c6.667
elvina-bay,2105,79,40 to 59,ELVINA BAY,,,,,ckan_91e70237_d9d1_4719_a82f_e71b811154c6.2122
emerton,2770,2251,20 to 39,EMERTON,,,350.0,0.45,ckan_91e70237_d9d1_4719_a82f_e71b811154c6.3179
emu-heights,2750,3282,40 to 59,EMU HEIGHTS,,,465.0,0.67,ckan_91e70237_d9d1_4719_a82f_e71b811154c6.581
emu-plains,2750,8411,60+,EMU PLAINS,0.54,433.0,460.0,0.7,ckan_91e70237_d9d1_4719_a82f_e71b811154c6.2684
enfield,2136,2825,20 to 39,ENFIELD,0.62,450.0,580.0,0.98,ckan_91e70237_d9d1_4719_a82f_e71b811154c6.4432
engadine,2233,17373,40 to 59,ENGADINE,0.62,440.0,650.0,0.89,ckan_91e70237_d9d1_4719_a82f_e71b811154c6.50
englorie-park,2560,417,20 to 39,ENGLORIE PARK,,,420.0,0.48,ckan_91e70237_d9d1_4719_a82f_e71b811154c6.1016
enmore,2042,3886,20 to 39,ENMORE,0.66,425.0,843.0,1.35,ckan_91e70237_d9d1_4719_a82f_e71b811154c6.1970
epping,2121,23692,20 to 39,EPPING,0.75,550.0,650.0,1.53,ckan_91e70237_d9d1_4719_a82f_e71b811154c6.3831
ermington,2115,10735,20 to 39,ERMINGTON,0.73,500.0,495.0,1.08,ckan_91e70237_d9d1_4719_a82f_e71b811154c6.2862
erskine-park,2759,6443,40 to 59,ERSKINE PARK,,,430.0,0.71,ckan_91e70237_d9d1_4719_a82f_e71b811154c6.321
erskineville,2043,8001,20 to 39,ERSKINEVILLE,0.86,650.0,750.0,1.29,ckan_91e70237_d9d1_4719_a82f_e71b811154c6.3045
eschol-park,2558,2565,20 to 39,ESCHOL PARK,,,420.0,0.55,ckan_91e70237_d9d1_4719_a82f_e71b811154c6.3142
eveleigh,2015,667,20 to 39,EVELEIGH,,,,,ckan_91e70237_d9d1_4719_a82f_e71b811154c6.2367
fairfield-east,2165,5273,20 to 39,FAIRFIELD EAST,,275.0,430.0,0.7,ckan_91e70237_d9d1_4719_a82f_e71b811154c6.737
fairfield-heights,2165,7524,20 to 39,FAIRFIELD HEIGHTS,,450.0,500.0,0.76,ckan_91e70237_d9d1_4719_a82f_e71b811154c6.839
fairfield-west,2165,11561,20 to 39,FAIRFIELD WEST,,406.0,460.0,0.69,ckan_91e70237_d9d1_4719_a82f_e71b811154c6.734
fairfield,2165,18078,20 to 39,FAIRFIELD,0.39,350.0,450.0,0.7,ckan_91e70237_d9d1_4719_a82f_e71b811154c6.588
fairlight,2094,5839,20 to 39,FAIRLIGHT,1.19,700.0,1050.0,2.11,ckan_91e70237_d9d1_4719_a82f_e71b811154c6.2652
fernances,2775,10,20 to 39,FERNANCES,,,,,ckan_91e70237_d9d1_4719_a82f_e71b811154c6.2814
fiddletown,2159,241,40 to 59,FIDDLETOWN,,,,,ckan_91e70237_d9d1_4719_a82f_e71b811154c6.1719
five-dock,2046,9362,40 to 59,FIVE DOCK,0.83,590.0,750.0,1.56,ckan_91e70237_d9d1_4719_a82f_e71b811154c6.3296
forest-glen,2157,69,60+,FOREST GLEN,,,,,ckan_91e70237_d9d1_4719_a82f_e71b811154c6.4057
forest-lodge,2037,4584,20 to 39,FOREST LODGE,0.88,600.0,920.0,1.72,ckan_91e70237_d9d1_4719_a82f_e71b811154c6.2864
forestville,2087,8323,40 to 59,FORESTVILLE,0.9,573.0,800.0,1.48,ckan_91e70237_d9d1_4719_a82f_e71b811154c6.3604
freemans-reach,2756,1969,40 to 59,FREEMANS REACH,,,500.0,0.8,ckan_91e70237_d9d1_4719_a82f_e71b811154c6.1083
frenchs-forest,2086,13481,40 to 59,FRENCHS FOREST,,440.0,875.0,1.42,ckan_91e70237_d9d1_4719_a82f_e71b811154c6.3148
freshwater,2096,8859,20 to 39,FRESHWATER,0.79,590.0,1200.0,2.3,ckan_91e70237_d9d1_4719_a82f_e71b811154c6.3886
galston,2159,3143,40 to 59,GALSTON,,,590.0,1.2,ckan_91e70237_d9d1_4719_a82f_e71b811154c6.4439
georges-hall,2198,9041,20 to 39,GEORGES HALL,,470.0,550.0,0.82,ckan_91e70237_d9d1_4719_a82f_e71b811154c6.555
gilead,2560,413,60+,GILEAD,,,,,ckan_91e70237_d9d1_4719_a82f_e71b811154c6.3040
girraween,2145,5577,20 to 39,GIRRAWEEN,0.63,460.0,480.0,0.84,ckan_91e70237_d9d1_4719_a82f_e71b811154c6.4244
gladesville,2111,11825,40 to 59,GLADESVILLE,0.67,465.0,700.0,1.65,ckan_91e70237_d9d1_4719_a82f_e71b811154c6.2040
glebe,2037,11537,20 to 39,GLEBE,0.72,570.0,900.0,1.56,ckan_91e70237_d9d1_4719_a82f_e71b811154c6.3435
gledswood-hills,2557,14,60+,GLEDSWOOD HILLS,,310.0,520.0,0.78,ckan_91e70237_d9d1_4719_a82f_e71b811154c6.2020
glen-alpine,2560,4566,40 to 59,GLEN ALPINE,,,550.0,0.84,ckan_91e70237_d9d1_4719_a82f_e71b811154c6.2051
glendenning,2761,5135,20 to 39,GLENDENNING,,,420.0,0.64,ckan_91e70237_d9d1_4719_a82f_e71b811154c6.1826
glenfield,2167,9639,20 to 39,GLENFIELD,0.44,370.0,480.0,0.67,ckan_91e70237_d9d1_4719_a82f_e71b811154c6.1392
glenhaven,2156,6501,60+,GLENHAVEN,,,670.0,1.46,ckan_91e70237_d9d1_4719_a82f_e71b811154c6.2208
glenmore-park,2745,23005,20 to 39,GLENMORE PARK,0.53,390.0,510.0,0.72,ckan_91e70237_d9d1_4719_a82f_e71b811154c6.1872
glenorie,2157,3497,40 to 59,GLENORIE,,,550.0,1.25,ckan_91e70237_d9d1_4719_a82f_e71b811154c6.2082
glenwood,2768,16135,40 to 59,GLENWOOD,,,580.0,0.98,ckan_91e70237_d9d1_4719_a82f_e71b811154c6.3983
glossodia,2756,2815,20 to 39,GLOSSODIA,,,440.0,0.62,ckan_91e70237_d9d1_4719_a82f_e71b811154c6.2336
gordon,2072,7679,40 to 59,GORDON,0.94,580.0,1000.0,2.21,ckan_91e70237_d9d1_4719_a82f_e71b811154c6.4382
granville,2142,15332,20 to 39,GRANVILLE,0.42,400.0,480.0,0.7,ckan_91e70237_d9d1_4719_a82f_e71b811154c6.4016
grasmere,2570,1981,60+,GRASMERE,,,746.2524933214007,1.51,ckan_91e70237_d9d1_4719_a82f_e71b811154c6.664
grays-point,2232,3113,40 to 59,GRAYS POINT,,,760.0,1.16,ckan_91e70237_d9d1_4719_a82f_e71b811154c6.3729
great-mackerel-beach,2108,0,,GREAT MACKEREL BEACH,,,,,ckan_91e70237_d9d1_4719_a82f_e71b811154c6.3121
green-valley,2168,12518,40 to 59,GREEN VALLEY,,390.0,420.0,0.72,ckan_91e70237_d9d1_4719_a82f_e71b811154c6.1063
greenacre,2190,24372,20 to 39,GREENACRE,0.62,450.0,573.0,0.9,ckan_91e70237_d9d1_4719_a82f_e71b811154c6.1045
greenfield-park,2176,5100,40 to 59,GREENFIELD PARK,,,480.0,0.77,ckan_91e70237_d9d1_4719_a82f_e71b811154c6.3873
greenhills-beach,2230,0,,GREENHILLS BEACH,,,988.9446664166568,2.28,ckan_91e70237_d9d1_4719_a82f_e71b811154c6.2762
greenwich,2065,5618,20 to 39,GREENWICH,0.74,555.0,900.0,2.95,ckan_91e70237_d9d1_4719_a82f_e71b811154c6.3838
gregory-hills,2557,4972,20 to 39,GREGORY HILLS,,390.0,500.0,0.66,ckan_91e70237_d9d1_4719_a82f_e71b811154c6.4390
greystanes,2145,22796,20 to 39,GREYSTANES,0.58,420.0,500.0,0.78,ckan_91e70237_d9d1_4719_a82f_e71b811154c6.1116
grose-vale,2753,1270,40 to 59,GROSE VALE,,,550.0,1.15,ckan_91e70237_d9d1_4719_a82f_e71b811154c6.2113
grose-wold,2753,633,40 to 59,GROSE WOLD,,,475.0,0.65,ckan_91e70237_d9d1_4719_a82f_e71b811154c6.2215
guildford-west,2161,4919,20 to 39,GUILDFORD WEST,,,550.0,0.74,ckan_91e70237_d9d1_4719_a82f_e71b811154c6.3174
guildford,2161,22342,20 to 39,GUILDFORD,0.42,390.0,500.0,0.73,ckan_91e70237_d9d1_4719_a82f_e71b811154c6.1047
gymea-bay,2227,6878,40 to 59,GYMEA BAY,0.9,,725.0,1.27,ckan_91e70237_d9d1_4719_a82f_e71b811154c6.3298
gymea,2227,7577,40 to 59,GYMEA,0.71,500.0,680.0,1.04,ckan_91e70237_d9d1_4719_a82f_e71b811154c6.4376
haberfield,2045,6469,40 to 59,HABERFIELD,,438.0,800.0,2.05,ckan_91e70237_d9d1_4719_a82f_e71b811154c6.3417
hammondville,2170,3487,60+,HAMMONDVILLE,,450.0,510.0,0.7,ckan_91e70237_d9d1_4719_a82f_e71b811154c6.31
harrington-park,2567,10653,40 to 59,HARRINGTON PARK,,,540.0,0.91,ckan_91e70237_d9d1_4719_a82f_e71b811154c6.2725
harris-park,2150,5797,20 to 39,HARRIS PARK,0.48,390.0,485.0,0.68,ckan_91e70237_d9d1_4719_a82f_e71b811154c6.3669
hassall-grove,2761,4510,40 to 59,HASSALL GROVE,,,400.0,0.6,ckan_91e70237_d9d1_4719_a82f_e71b811154c6.3178
haymarket,2000,7341,20 to 39,HAYMARKET,0.96,800.0,691.7060439938025,1.34,ckan_91e70237_d9d1_4719_a82f_e71b811154c6.4334
heathcote,2233,5998,40 to 59,HEATHCOTE,0.71,518.0,630.0,0.86,ckan_91e70237_d9d1_4719_a82f_e71b811154c6.3821
hebersham,2770,5686,20 to 39,HEBERSHAM,,300.0,350.0,0.52,ckan_91e70237_d9d1_4719_a82f_e71b811154c6.3641
heckenberg,2168,3082,20 to 39,HECKENBERG,,,383.0,0.56,ckan_91e70237_d9d1_4719_a82f_e71b811154c6.918
henley,2111,470,40 to 59,HENLEY,,,,,ckan_91e70237_d9d1_4719_a82f_e71b811154c6.1979
hillsdale,2036,5494,20 to 39,HILLSDALE,0.61,450.0,625.0,1.12,ckan_91e70237_d9d1_4719_a82f_e71b811154c6.1663
hinchinbrook,2168,11203,40 to 59,HINCHINBROOK,,390.0,440.0,0.68,ckan_91e70237_d9d1_4719_a82f_e71b811154c6.1574
hobartville,2753,2761,20 to 39,HOBARTVILLE,,,440.0,0.6,ckan_91e70237_d9d1_4719_a82f_e71b811154c6.922
holroyd,2142,1284,20 to 39,HOLROYD,,440.0,,,ckan_91e70237_d9d1_4719_a82f_e71b811154c6.484
holsworthy,2173,5481,20 to 39,HOLSWORTHY,,508.0,500.0,0.76,ckan_91e70237_d9d1_4719_a82f_e71b811154c6.2267
homebush-west,2140,8607,20 to 39,HOMEBUSH WEST,0.55,480.0,630.0,1.14,ckan_91e70237_d9d1_4719_a82f_e71b811154c6.725
homebush,2140,6991,20 to 39,HOMEBUSH,0.66,500.0,545.0,0.95,ckan_91e70237_d9d1_4719_a82f_e71b811154c6.285
horningsea-park,2171,3733,40 to 59,HORNINGSEA PARK,,,520.0,0.76,ckan_91e70237_d9d1_4719_a82f_e71b811154c6.4537
hornsby-heights,2077,6290,40 to 59,HORNSBY HEIGHTS,,,650.0,1.07,ckan_91e70237_d9d1_4719_a82f_e71b811154c6.1000
hornsby,2077,22173,20 to 39,HORNSBY,0.63,450.0,580.0,1.08,ckan_91e70237_d9d1_4719_a82f_e71b811154c6.1667
horsley-park,2175,1861,40 to 59,HORSLEY PARK,,,425.0,2.33,ckan_91e70237_d9d1_4719_a82f_e71b811154c6.678
hoxton-park,2171,4354,20 to 39,HOXTON PARK,,,460.0,0.68,ckan_91e70237_d9d1_4719_a82f_e71b811154c6.4538
hunters-hill,2110,9525,40 to 59,HUNTERS HILL,0.84,500.0,1000.0,2.62,ckan_91e70237_d9d1_4719_a82f_e71b811154c6.4524
huntingwood,2148,0,60+,HUNTINGWOOD,,,,,ckan_91e70237_d9d1_4719_a82f_e71b811154c6.2727
huntleys-cove,2111,745,60+,HUNTLEYS COVE,1.25,760.0,,,ckan_91e70237_d9d1_4719_a82f_e71b811154c6.644
huntleys-point,2111,138,40 to 59,HUNTLEYS POINT,,,,,ckan_91e70237_d9d1_4719_a82f_e71b811154c6.2292
hurlstone-park,2193,4682,40 to 59,HURLSTONE PARK,0.65,475.0,680.0,1.23,ckan_91e70237_d9d1_4719_a82f_e71b811154c6.2919
hurstville-grove,2220,2678,40 to 59,HURSTVILLE GROVE,,450.0,620.0,1.41,ckan_91e70237_d9d1_4719_a82f_e71b811154c6.3526
hurstville,2220,29829,20 to 39,HURSTVILLE,0.68,525.0,570.0,1.26,ckan_91e70237_d9d1_4719_a82f_e71b811154c6.1192
illawong,2234,7262,40 to 59,ILLAWONG,,535.0,725.0,1.18,ckan_91e70237_d9d1_4719_a82f_e71b811154c6.4398
ingleburn,2565,15046,20 to 39,INGLEBURN,0.4,370.0,420.0,0.64,ckan_91e70237_d9d1_4719_a82f_e71b811154c6.1972
ingleside,2101,986,40 to 59,INGLESIDE,,,765.0,1.57,ckan_91e70237_d9d1_4719_a82f_e71b811154c6.2104
jamisontown,2750,5480,20 to 39,JAMISONTOWN,0.38,350.0,440.0,0.64,ckan_91e70237_d9d1_4719_a82f_e71b811154c6.2541
jannali,2226,6178,40 to 59,JANNALI,0.58,450.0,598.0,0.96,ckan_91e70237_d9d1_4719_a82f_e71b811154c6.2547
jordan-springs,2747,0,,JORDAN SPRINGS,,360.0,530.0,0.7,ckan_91e70237_d9d1_4719_a82f_e71b811154c6.2847
kangaroo-point,2224,549,40 to 59,KANGAROO POINT,,,,,ckan_91e70237_d9d1_4719_a82f_e71b811154c6.4580
kareela,2232,3456,60+,KAREELA,,,750.0,1.1,ckan_91e70237_d9d1_4719_a82f_e71b811154c6.2477
kearns,2558,2756,40 to 59,KEARNS,,,450.0,0.62,ckan_91e70237_d9d1_4719_a82f_e71b811154c6.3144
kellyville-ridge,2155,10471,20 to 39,KELLYVILLE RIDGE,0.52,460.0,600.0,0.95,ckan_91e70237_d9d1_4719_a82f_e71b811154c6.3643
kellyville,2155,27976,40 to 59,KELLYVILLE,0.78,500.0,640.0,1.1,ckan_91e70237_d9d1_4719_a82f_e71b811154c6.4483
kemps-creek,2178,2274,40 to 59,KEMPS CREEK,,,475.0,0.65,ckan_91e70237_d9d1_4719_a82f_e71b811154c6.679
kensington,2033,14985,20 to 39,KENSINGTON,0.78,550.0,880.0,2.71,ckan_91e70237_d9d1_4719_a82f_e71b811154c6.1554
kenthurst,2156,5035,40 to 59,KENTHURST,,,568.0,1.99,ckan_91e70237_d9d1_4719_a82f_e71b811154c6.3870
kentlyn,2560,746,60+,KENTLYN,,,,,ckan_91e70237_d9d1_4719_a82f_e71b811154c6.1379
killara,2071,10573,40 to 59,KILLARA,0.86,600.0,1185.0,2.38,ckan_91e70237_d9d1_4719_a82f_e71b811154c6.12
killarney-heights,2087,4477,40 to 59,KILLARNEY HEIGHTS,,650.0,900.0,1.74,ckan_91e70237_d9d1_4719_a82f_e71b811154c6.3606
kings-langley,2147,9365,40 to 59,KINGS LANGLEY,,,500.0,0.88,ckan_91e70237_d9d1_4719_a82f_e71b811154c6.3565
kings-park,2148,3456,20 to 39,KINGS PARK,,,460.0,0.7,ckan_91e70237_d9d1_4719_a82f_e71b811154c6.3642
kingsford,2032,15481,20 to 39,KINGSFORD,0.82,550.0,870.0,1.94,ckan_91e70237_d9d1_4719_a82f_e71b811154c6.218
kingsgrove,2208,12449,40 to 59,KINGSGROVE,,505.0,600.0,1.12,ckan_91e70237_d9d1_4719_a82f_e71b811154c6.1069
kingswood,2747,9297,20 to 39,KINGSWOOD,0.45,360.0,380.0,0.59,ckan_91e70237_d9d1_4719_a82f_e71b811154c6.2048
kirkham,2570,701,40 to 59,KIRKHAM,,,,,ckan_91e70237_d9d1_4719_a82f_e71b811154c6.668
kirrawee,2232,9286,60+,KIRRAWEE,0.73,540.0,650.0,0.98,ckan_91e70237_d9d1_4719_a82f_e71b811154c6.4378
kirribilli,2061,3826,20 to 39,KIRRIBILLI,1.48,625.0,1225.0,3.02,ckan_91e70237_d9d1_4719_a82f_e71b811154c6.52
kogarah-bay,2217,2018,40 to 59,KOGARAH BAY,,,670.0,1.62,ckan_91e70237_d9d1_4719_a82f_e71b811154c6.821
kogarah,2217,15126,20 to 39,KOGARAH,0.57,475.0,575.0,1.1,ckan_91e70237_d9d1_4719_a82f_e71b811154c6.3663
kurmond,2757,859,40 to 59,KURMOND,,,520.0,0.79,ckan_91e70237_d9d1_4719_a82f_e71b811154c6.1817
kurnell,2231,2271,40 to 59,KURNELL,,,650.0,1.13,ckan_91e70237_d9d1_4719_a82f_e71b811154c6.1905
kurraba-point,2089,0,,KURRABA POINT,2.2,600.0,,,ckan_91e70237_d9d1_4719_a82f_e71b811154c6.3708
kurrajong,2758,3062,40 to 59,KURRAJONG,,,450.0,1.01,ckan_91e70237_d9d1_4719_a82f_e71b811154c6.925
kyeemagh,2216,907,60+,KYEEMAGH,,,,,ckan_91e70237_d9d1_4719_a82f_e71b811154c6.3076
kyle-bay,2221,1041,40 to 59,KYLE BAY,,,740.0,1.96,ckan_91e70237_d9d1_4719_a82f_e71b811154c6.4346
la-perouse,2036,407,40 to 59,LA PEROUSE,,,,,ckan_91e70237_d9d1_4719_a82f_e71b811154c6.274
lakemba,2195,17031,20 to 39,LAKEMBA,0.38,350.0,500.0,0.84,ckan_91e70237_d9d1_4719_a82f_e71b811154c6.4522
lalor-park,2147,7662,20 to 39,LALOR PARK,,340.0,390.0,0.63,ckan_91e70237_d9d1_4719_a82f_e71b811154c6.3720
lane-cove,2066,10817,20 to 39,LANE COVE,0.76,530.0,770.0,2.12,ckan_91e70237_d9d1_4719_a82f_e71b811154c6.3842
lane-cove-north,2066,11442,20 to 39,LANE COVE NORTH,0.68,518.0,950.0,1.7,ckan_91e70237_d9d1_4719_a82f_e71b811154c6.2361
lane-cove-west,2066,2625,40 to 59,LANE COVE WEST,,,812.0244438149684,1.72,ckan_91e70237_d9d1_4719_a82f_e71b811154c6.707
lansdowne,2163,14,20 to 39,LANSDOWNE,,,,,ckan_91e70237_d9d1_4719_a82f_e71b811154c6.718
lansvale,2166,2554,40 to 59,LANSVALE,,,520.0,0.68,ckan_91e70237_d9d1_4719_a82f_e71b811154c6.1209
laughtondale,2775,81,40 to 59,LAUGHTONDALE,,,,,ckan_91e70237_d9d1_4719_a82f_e71b811154c6.3541
lavender-bay,2060,956,20 to 39,LAVENDER BAY,0.9,550.0,,,ckan_91e70237_d9d1_4719_a82f_e71b811154c6.4025
leets-vale,2775,57,60+,LEETS VALE,,,,,ckan_91e70237_d9d1_4719_a82f_e71b811154c6.4591
leichhardt,2040,14625,20 to 39,LEICHHARDT,0.88,550.0,750.0,1.3,ckan_91e70237_d9d1_4719_a82f_e71b811154c6.3409
len-waters-estate,2171,0,,LEN WATERS ESTATE,,,,,ckan_91e70237_d9d1_4719_a82f_e71b811154c6.1571
leonay,2750,2503,40 to 59,LEONAY,,,490.0,0.75,ckan_91e70237_d9d1_4719_a82f_e71b811154c6.2679
leppington,2179,3501,20 to 39,LEPPINGTON,,,540.0,0.76,ckan_91e70237_d9d1_4719_a82f_e71b811154c6.1246
lethbridge-park,2770,4730,20 to 39,LETHBRIDGE PARK,,270.0,320.0,0.43,ckan_91e70237_d9d1_4719_a82f_e71b811154c6.2424
leumeah,2560,9826,20 to 39,LEUMEAH,0.36,340.0,390.0,0.58,ckan_91e70237_d9d1_4719_a82f_e71b811154c6.1201
lewisham,2049,3161,20 to 39,LEWISHAM,0.75,505.0,755.0,1.41,ckan_91e70237_d9d1_4719_a82f_e71b811154c6.4360
liberty-grove,2138,2254,20 to 39,LIBERTY GROVE,0.68,500.0,510.0,0.76,ckan_91e70237_d9d1_4719_a82f_e71b811154c6.4569
lidcombe,2141,19620,20 to 39,LIDCOMBE,0.65,510.0,560.0,0.92,ckan_91e70237_d9d1_4719_a82f_e71b811154c6.1066
lilli-pilli,2229,1378,40 to 59,LILLI PILLI,,,870.0,1.8,ckan_91e70237_d9d1_4719_a82f_e71b811154c6.198
lilyfield,2040,7611,40 to 59,LILYFIELD,0.92,480.0,810.0,1.58,ckan_91e70237_d9d1_4719_a82f_e71b811154c6.3645
lindfield,2070,9774,40 to 59,LINDFIELD,0.97,600.0,990.0,2.39,ckan_91e70237_d9d1_4719_a82f_e71b811154c6.1188
linley-point,2066,352,40 to 59,LINLEY POINT,,,,,ckan_91e70237_d9d1_4719_a82f_e71b811154c6.1980
little-bay,2036,4474,20 to 39,LITTLE BAY,0.95,700.0,1000.0,1.68,ckan_91e70237_d9d1_4719_a82f_e71b811154c6.2918
liverpool,2170,27107,20 to 39,LIVERPOOL,0.41,380.0,430.0,0.69,ckan_91e70237_d9d1_4719_a82f_e71b811154c6.585
llandilo,2747,1640,40 to 59,LLANDILO,,,540.0,0.71,ckan_91e70237_d9d1_4719_a82f_e71b811154c6.1285
loftus,2232,4135,40 to 59,LOFTUS,,505.0,640.0,0.98,ckan_91e70237_d9d1_4719_a82f_e71b811154c6.3525
londonderry,2753,3896,40 to 59,LONDONDERRY,,315.0,460.0,0.6,ckan_91e70237_d9d1_4719_a82f_e71b811154c6.3820
long-point,2564,188,60+,LONG POINT,,,,,ckan_91e70237_d9d1_4719_a82f_e71b811154c6.2312
longueville,2066,2082,40 to 59,LONGUEVILLE,,,1350.0,3.82,ckan_91e70237_d9d1_4719_a82f_e71b811154c6.1807
lovett-bay,2105,141,40 to 59,LOVETT BAY,,,,,ckan_91e70237_d9d1_4719_a82f_e71b811154c6.2774
lower-macdonald,2775,251,40 to 59,LOWER MACDONALD,,,465.6149641721634,0.62,ckan_91e70237_d9d1_4719_a82f_e71b811154c6.660
lower-portland,2756,586,40 to 59,LOWER PORTLAND,,,,,ckan_91e70237_d9d1_4719_a82f_e71b811154c6.3539
lucas-heights,2234,0,60+,LUCAS HEIGHTS,,,,,ckan_91e70237_d9d1_4719_a82f_e71b811154c6.1184
luddenham,2745,1814,40 to 59,LUDDENHAM,,,560.0,1.39,ckan_91e70237_d9d1_4719_a82f_e71b811154c6.2245
lugarno,2210,5616,40 to 59,LUGARNO,,,595.0,1.12,ckan_91e70237_d9d1_4719_a82f_e71b811154c6.4508
lurnea,2170,9333,20 to 39,LURNEA,0.5,390.0,445.0,0.62,ckan_91e70237_d9d1_4719_a82f_e71b811154c6.731
macquarie-fields,2564,13728,20 to 39,MACQUARIE FIELDS,0.4,350.0,390.0,0.55,ckan_91e70237_d9d1_4719_a82f_e71b811154c6.2231
macquarie-links,2565,1373,40 to 59,MACQUARIE LINKS,,,600.7952951144721,1.05,ckan_91e70237_d9d1_4719_a82f_e71b811154c6.4330
macquarie-park,2113,8153,20 to 39,MACQUARIE PARK,0.73,500.0,,,ckan_91e70237_d9d1_4719_a82f_e71b811154c6.3592
maianbar,2230,498,40 to 59,MAIANBAR,,,588.0,1.01,ckan_91e70237_d9d1_4719_a82f_e71b811154c6.1281
malabar,2036,5423,40 to 59,MALABAR,,513.0,1225.0,1.9,ckan_91e70237_d9d1_4719_a82f_e71b811154c6.2686
manly-vale,2093,6166,20 to 39,MANLY VALE,0.75,550.0,940.0,1.82,ckan_91e70237_d9d1_4719_a82f_e71b811154c6.4363
manly,2095,15854,20 to 39,MANLY,1.3,750.0,1400.0,2.88,ckan_91e70237_d9d1_4719_a82f_e71b811154c6.3206
maraylya,2765,1240,40 to 59,MARAYLYA,,,,,ckan_91e70237_d9d1_4719_a82f_e71b811154c6.1195
marayong,2148,7727,20 to 39,MARAYONG,,350.0,400.0,0.62,ckan_91e70237_d9d1_4719_a82f_e71b811154c6.2958
maroota,2756,634,40 to 59,MAROOTA,,,,,ckan_91e70237_d9d1_4719_a82f_e71b811154c6.2247
maroubra,2035,30681,20 to 39,MAROUBRA,0.82,600.0,900.0,1.8,ckan_91e70237_d9d1_4719_a82f_e71b811154c6.1814
marrickville,2204,26607,20 to 39,MARRICKVILLE,0.68,490.0,750.0,1.32,ckan_91e70237_d9d1_4719_a82f_e71b811154c6.496
marsden-park,2765,1009,60+,MARSDEN PARK,,470.0,550.0,0.78,ckan_91e70237_d9d1_4719_a82f_e71b811154c6.2214
marsfield,2122,13293,20 to 39,MARSFIELD,0.74,490.0,690.0,1.43,ckan_91e70237_d9d1_4719_a82f_e71b811154c6.2226
mascot,2020,14759,20 to 39,MASCOT,0.85,700.0,725.0,1.25,ckan_91e70237_d9d1_4719_a82f_e71b811154c6.3583
matraville,2036,9812,40 to 59,MATRAVILLE,0.81,530.0,985.0,1.58,ckan_91e70237_d9d1_4719_a82f_e71b811154c6.2358
mays-hill,2145,762,20 to 39,MAYS HILL,,460.0,500.0,0.61,ckan_91e70237_d9d1_4719_a82f_e71b811154c6.1455
mcgraths-hill,2756,2550,40 to 59,MCGRATHS HILL,,,480.0,0.71,ckan_91e70237_d9d1_4719_a82f_e71b811154c6.543
mcmahons-point,2060,2283,20 to 39,MCMAHONS POINT,1.42,595.0,1000.0,2.31,ckan_91e70237_d9d1_4719_a82f_e71b811154c6.2414
meadowbank,2114,4406,20 to 39,MEADOWBANK,0.6,495.0,375.0,0.33,ckan_91e70237_d9d1_4719_a82f_e71b811154c6.4101
mellong,2756,0,60+,MELLONG,,,,,ckan_91e70237_d9d1_4719_a82f_e71b811154c6.993
melrose-park,2114,1576,40 to 59,MELROSE PARK,,,600.0,1.04,ckan_91e70237_d9d1_4719_a82f_e71b811154c6.824
menai,2234,10321,40 to 59,MENAI,0.74,540.0,708.0,0.97,ckan_91e70237_d9d1_4719_a82f_e71b811154c6.2854
menangle-park,2563,258,20 to 39,MENANGLE PARK,,,,,ckan_91e70237_d9d1_4719_a82f_e71b811154c6.2909
merrylands-west,2160,6596,20 to 39,MERRYLANDS WEST,0.44,400.0,580.0,0.73,ckan_91e70237_d9d1_4719_a82f_e71b811154c6.47
merrylands,2160,29660,20 to 39,MERRYLANDS,0.42,400.0,510.0,0.82,ckan_91e70237_d9d1_4719_a82f_e71b811154c6.1300
middle-cove,2068,1327,40 to 59,MIDDLE COVE,,,1100.0,1.81,ckan_91e70237_d9d1_4719_a82f_e71b811154c6.2916
middle-dural,2158,1011,60+,MIDDLE DURAL,,,,,ckan_91e70237_d9d1_4719_a82f_e71b811154c6.4438
middleton-grange,2171,5181,20 to 39,MIDDLETON GRANGE,,,550.0,0.77,ckan_91e70237_d9d1_4719_a82f_e71b811154c6.1569
miller,2168,3230,40 to 59,MILLER,,313.0,400.0,0.56,ckan_91e70237_d9d1_4719_a82f_e71b811154c6.1605
millers-point,2000,1494,40 to 59,MILLERS POINT,2.1,850.0,1175.0,2.86,ckan_91e70237_d9d1_4719_a82f_e71b811154c6.1579
milperra,2214,3938,40 to 59,MILPERRA,,,570.0,0.84,ckan_91e70237_d9d1_4719_a82f_e71b811154c6.546
milsons-passage,2083,16,60+,MILSONS PASSAGE,,,,,ckan_91e70237_d9d1_4719_a82f_e71b811154c6.2413
milsons-point,2061,2166,20 to 39,MILSONS POINT,1.18,760.0,,,ckan_91e70237_d9d1_4719_a82f_e71b811154c6.4024
minchinbury,2770,5626,20 to 39,MINCHINBURY,,440.0,470.0,0.67,ckan_91e70237_d9d1_4719_a82f_e71b811154c6.2549
minto-heights,2566,365,60+,MINTO HEIGHTS,,,,,ckan_91e70237_d9d1_4719_a82f_e71b811154c6.466
minto,2566,12560,20 to 39,MINTO,0.36,330.0,420.0,0.59,ckan_91e70237_d9d1_4719_a82f_e71b811154c6.598
miranda,2228,15269,20 to 39,MIRANDA,0.64,470.0,700.0,1.08,ckan_91e70237_d9d1_4719_a82f_e71b811154c6.2614
mogo-creek,2775,0,60+,MOGO CREEK,,,,,ckan_91e70237_d9d1_4719_a82f_e71b811154c6.403
mona-vale,2103,10668,60+,MONA VALE,1.2,623.0,895.0,1.72,ckan_91e70237_d9d1_4719_a82f_e71b811154c6.2511
monterey,2217,4539,40 to 59,MONTEREY,0.74,460.0,650.0,1.33,ckan_91e70237_d9d1_4719_a82f_e71b811154c6.3132
moore-park,2021,18,20 to 39,MOORE PARK,,,,,ckan_91e70237_d9d1_4719_a82f_e71b811154c6.2768
moorebank,2170,9739,20 to 39,MOOREBANK,0.5,445.0,560.0,0.87,ckan_91e70237_d9d1_4719_a82f_e71b811154c6.1299
morning-bay,2105,39,60+,MORNING BAY,,,,,ckan_91e70237_d9d1_4719_a82f_e71b811154c6.652
mortdale,2223,10415,20 to 39,MORTDALE,0.58,420.0,580.0,1.05,ckan_91e70237_d9d1_4719_a82f_e71b811154c6.3553
mortlake,2137,1043,20 to 39,MORTLAKE,0.88,575.0,695.0,1.35,ckan_91e70237_d9d1_4719_a82f_e71b811154c6.2302
mosman,2088,28470,40 to 59,MOSMAN,1.0,550.0,1500.0,3.6,ckan_91e70237_d9d1_4719_a82f_e71b811154c6.1387
mount-annan,2567,11696,40 to 59,MOUNT ANNAN,,340.0,460.0,0.72,ckan_91e70237_d9d1_4719_a82f_e71b811154c6.1863
mount-colah,2079,7093,40 to 59,MOUNT COLAH,,435.0,590.0,0.94,ckan_91e70237_d9d1_4719_a82f_e71b811154c6.1727
mount-druitt,2770,16730,20 to 39,MOUNT DRUITT,0.36,330.0,395.0,0.64,ckan_91e70237_d9d1_4719_a82f_e71b811154c6.2550
mount-kuring-gai,2080,1709,40 to 59,MOUNT KURING-GAI,,,554.15412829812,0.9,ckan_91e70237_d9d1_4719_a82f_e71b811154c6.1728
mount-lewis,2190,1194,20 to 39,MOUNT LEWIS,,,550.0,0.89,ckan_91e70237_d9d1_4719_a82f_e71b811154c6.2319
mount-pritchard,2170,9960,20 to 39,MOUNT PRITCHARD,,360.0,420.0,0.61,ckan_91e70237_d9d1_4719_a82f_e71b811154c6.1041
mount-vernon,2178,1188,40 to 59,MOUNT VERNON,,,,,ckan_91e70237_d9d1_4719_a82f_e71b811154c6.3137
mountain-lagoon,2758,78,40 to 59,MOUNTAIN LAGOON,,,,,ckan_91e70237_d9d1_4719_a82f_e71b811154c6.3231
mulgoa,2745,1898,40 to 59,MULGOA,,,575.0,0.94,ckan_91e70237_d9d1_4719_a82f_e71b811154c6.2798
mulgrave,2756,76,5 to 19,MULGRAVE,,,,,ckan_91e70237_d9d1_4719_a82f_e71b811154c6.1827
narellan-vale,2567,7188,40 to 59,NARELLAN VALE,,345.0,450.0,0.66,ckan_91e70237_d9d1_4719_a82f_e71b811154c6.1959
narellan,2567,3584,20 to 39,NARELLAN,,450.0,430.0,0.62,ckan_91e70237_d9d1_4719_a82f_e71b811154c6.2685
naremburn,2065,5885,20 to 39,NAREMBURN,1.1,620.0,850.0,2.08,ckan_91e70237_d9d1_4719_a82f_e71b811154c6.275
narrabeen,2101,8194,60+,NARRABEEN,0.84,560.0,873.0,2.35,ckan_91e70237_d9d1_4719_a82f_e71b811154c6.3314
narraweena,2099,6625,40 to 59,NARRAWEENA,,565.0,775.0,1.41,ckan_91e70237_d9d1_4719_a82f_e71b811154c6.318
narwee,2209,5622,20 to 39,NARWEE,0.49,400.0,600.0,0.97,ckan_91e70237_d9d1_4719_a82f_e71b811154c6.1075
nelson,2765,444,60+,NELSON,,,,,ckan_91e70237_d9d1_4719_a82f_e71b811154c6.4494
neutral-bay,2089,10478,20 to 39,NEUTRAL BAY,0.9,560.0,1000.0,2.3,ckan_91e70237_d9d1_4719_a82f_e71b811154c6.3548
newington,2127,5798,20 to 39,NEWINGTON,0.7,520.0,730.0,1.11,ckan_91e70237_d9d1_4719_a82f_e71b811154c6.3368
newport,2106,9283,40 to 59,NEWPORT,0.82,578.0,910.0,1.7,ckan_91e70237_d9d1_4719_a82f_e71b811154c6.2833
newtown,2042,15027,20 to 39,NEWTOWN,0.68,450.0,770.0,1.31,ckan_91e70237_d9d1_4719_a82f_e71b811154c6.1971
normanhurst,2076,5280,40 to 59,NORMANHURST,0.72,465.0,650.0,1.1,ckan_91e70237_d9d1_4719_a82f_e71b811154c6.2831
north-balgowlah,2093,3653,40 to 59,NORTH BALGOWLAH,,480.0,1125.0,2.06,ckan_91e70237_d9d1_4719_a82f_e71b811154c6.4362
north-bondi,2026,9162,20 to 39,NORTH BONDI,1.18,700.0,1500.0,2.75,ckan_91e70237_d9d1_4719_a82f_e71b811154c6.4273
north-curl-curl,2099,4108,40 to 59,NORTH CURL CURL,,550.0,1150.0,2.21,ckan_91e70237_d9d1_4719_a82f_e71b811154c6.2102
north-epping,2121,4538,40 to 59,NORTH EPPING,,,685.0,1.27,ckan_91e70237_d9d1_4719_a82f_e71b811154c6.3416
north-kellyville,2155,0,,NORTH KELLYVILLE,0.67,455.0,650.0,1.04,ckan_91e70237_d9d1_4719_a82f_e71b811154c6.2228
north-manly,2100,3074,40 to 59,NORTH MANLY,,585.0,990.0,1.62,ckan_91e70237_d9d1_4719_a82f_e71b811154c6.3887
north-narrabeen,2101,5864,40 to 59,NORTH NARRABEEN,,538.0,850.0,1.36,ckan_91e70237_d9d1_4719_a82f_e71b811154c6.2033
north-parramatta,2151,13253,20 to 39,NORTH PARRAMATTA,0.55,400.0,530.0,0.96,ckan_91e70237_d9d1_4719_a82f_e71b811154c6.4052
north-richmond,2754,4983,40 to 59,NORTH RICHMOND,0.53,380.0,450.0,0.69,ckan_91e70237_d9d1_4719_a82f_e71b811154c6.2100
north-rocks,2151,7978,40 to 59,NORTH ROCKS,0.8,498.0,530.0,1.16,ckan_91e70237_d9d1_4719_a82f_e71b811154c6.4189
north-ryde,2113,10867,40 to 59,NORTH RYDE,0.73,520.0,700.0,1.44,ckan_91e70237_d9d1_4719_a82f_e71b811154c6.3830
north-st-marys,2760,3903,20 to 39,NORTH ST MARYS,,295.0,350.0,0.55,ckan_91e70237_d9d1_4719_a82f_e71b811154c6.2545
north-strathfield,2137,4748,20 to 39,NORTH STRATHFIELD,0.74,530.0,700.0,1.68,ckan_91e70237_d9d1_4719_a82f_e71b811154c6.4194
north-sydney,2060,7713,20 to 39,NORTH SYDNEY,0.92,610.0,985.0,1.96,ckan_91e70237_d9d1_4719_a82f_e71b811154c6.3276
north-turramurra,2074,4269,60+,NORTH TURRAMURRA,1.22,,850.0,1.56,ckan_91e70237_d9d1_4719_a82f_e71b811154c6.1296
north-wahroonga,2076,1975,40 to 59,NORTH WAHROONGA,,,775.5020386130113,1.6,ckan_91e70237_d9d1_4719_a82f_e71b811154c6.2363
north-willoughby,2068,4173,40 to 59,NORTH WILLOUGHBY,0.86,515.0,1088.0,2.08,ckan_91e70237_d9d1_4719_a82f_e71b811154c6.544
northbridge,2063,6331,40 to 59,NORTHBRIDGE,1.02,650.0,1150.0,2.86,ckan_91e70237_d9d1_4719_a82f_e71b811154c6.1836
northmead,2152,11216,20 to 39,NORTHMEAD,0.65,430.0,500.0,0.93,ckan_91e70237_d9d1_4719_a82f_e71b811154c6.1828
northwood,2066,987,40 to 59,NORTHWOOD,,,1245.0,3.03,ckan_91e70237_d9d1_4719_a82f_e71b811154c6.2415
norwest,2153,0,,NORWEST,0.7,560.0,650.0,1.18,ckan_91e70237_d9d1_4719_a82f_e71b811154c6.1070
oakhurst,2761,6959,20 to 39,OAKHURST,,,420.0,0.59,ckan_91e70237_d9d1_4719_a82f_e71b811154c6.2356
oakville,2765,1969,40 to 59,OAKVILLE,,,600.0,1.04,ckan_91e70237_d9d1_4719_a82f_e71b811154c6.4229
oatlands,2117,5661,40 to 59,OATLANDS,0.76,550.0,595.0,1.4,ckan_91e70237_d9d1_4719_a82f_e71b811154c6.930
oatley,2223,10491,40 to 59,OATLEY,0.71,460.0,698.0,1.45,ckan_91e70237_d9d1_4719_a82f_e71b811154c6.3588
old-guildford,2161,2667,20 to 39,OLD GUILDFORD,,,450.0,0.57,ckan_91e70237_d9d1_4719_a82f_e71b811154c6.838
old-toongabbie,2146,3126,40 to 59,OLD TOONGABBIE,,420.0,450.0,0.82,ckan_91e70237_d9d1_4719_a82f_e71b811154c6.1982
oran-park,2570,4762,20 to 39,ORAN PARK,,330.0,500.0,0.7,ckan_91e70237_d9d1_4719_a82f_e71b811154c6.1288
orchard-hills,2748,1890,40 to 59,ORCHARD HILLS,,,485.0,0.68,ckan_91e70237_d9d1_4719_a82f_e71b811154c6.2281
oxford-falls,2100,143,60+,OXFORD FALLS,,,,,ckan_91e70237_d9d1_4719_a82f_e71b811154c6.4058
oxley-park,2760,3100,20 to 39,OXLEY PARK,0.48,395.0,380.0,0.52,ckan_91e70237_d9d1_4719_a82f_e71b811154c6.149
oyster-bay,2225,5479,40 to 59,OYSTER BAY,,575.0,695.0,1.18,ckan_91e70237_d9d1_4719_a82f_e71b811154c6.3582
paddington,2021,12922,20 to 39,PADDINGTON,0.88,495.0,1100.0,2.18,ckan_91e70237_d9d1_4719_a82f_e71b811154c6.4050
padstow-heights,2211,3537,60+,PADSTOW HEIGHTS,,,600.0,0.87,ckan_91e70237_d9d1_4719_a82f_e71b811154c6.2239
padstow,2211,13313,40 to 59,PADSTOW,0.66,450.0,560.0,0.92,ckan_91e70237_d9d1_4719_a82f_e71b811154c6.2039
pagewood,2035,3792,40 to 59,PAGEWOOD,,670.0,830.0,1.38,ckan_91e70237_d9d1_4719_a82f_e71b811154c6.2558
palm-beach,2108,1586,60+,PALM BEACH,,,1000.0,3.58,ckan_91e70237_d9d1_4719_a82f_e71b811154c6.4127
panania,2213,12418,40 to 59,PANANIA,0.74,425.0,620.0,0.91,ckan_91e70237_d9d1_4719_a82f_e71b811154c6.2220
parklea,2768,3477,20 to 39,PARKLEA,,470.0,550.0,0.84,ckan_91e70237_d9d1_4719_a82f_e71b811154c6.2959
parramatta,2150,25793,20 to 39,PARRAMATTA,0.6,460.0,495.0,1.08,ckan_91e70237_d9d1_4719_a82f_e71b811154c6.1884
peakhurst-heights,2210,2345,60+,PEAKHURST HEIGHTS,,,620.0,1.09,ckan_91e70237_d9d1_4719_a82f_e71b811154c6.3408
peakhurst,2210,10548,60+,PEAKHURST,0.66,500.0,600.0,0.9,ckan_91e70237_d9d1_4719_a82f_e71b811154c6.1301
pemulwuy,2145,5013,20 to 39,PEMULWUY,,430.0,630.0,0.78,ckan_91e70237_d9d1_4719_a82f_e71b811154c6.3145
pendle-hill,2145,7244,20 to 39,PENDLE HILL,0.48,410.0,470.0,0.81,ckan_91e70237_d9d1_4719_a82f_e71b811154c6.1981
pennant-hills,2120,7296,40 to 59,PENNANT HILLS,0.82,450.0,650.0,1.34,ckan_91e70237_d9d1_4719_a82f_e71b811154c6.4589
penrith,2750,13300,20 to 39,PENRITH,0.43,380.0,400.0,0.57,ckan_91e70237_d9d1_4719_a82f_e71b811154c6.2602
penshurst,2222,12800,20 to 39,PENSHURST,0.56,420.0,600.0,1.12,ckan_91e70237_d9d1_4719_a82f_e71b811154c6.1805
perrys-crossing,2775,0,60+,PERRYS CROSSING,,,,,ckan_91e70237_d9d1_4719_a82f_e71b811154c6.1181
petersham,2049,8096,20 to 39,PETERSHAM,0.7,460.0,718.0,1.43,ckan_91e70237_d9d1_4719_a82f_e71b811154c6.594
phillip-bay,2036,702,40 to 59,PHILLIP BAY,,,,,ckan_91e70237_d9d1_4719_a82f_e71b811154c6.3313
picnic-point,2213,6148,40 to 59,PICNIC POINT,,570.0,635.0,1.0,ckan_91e70237_d9d1_4719_a82f_e71b811154c6.2611
pitt-town-bottoms,2756,107,40 to 59,PITT TOWN BOTTOMS,,,,,ckan_91e70237_d9d1_4719_a82f_e71b811154c6.1829
pitt-town,2756,3036,40 to 59,PITT TOWN,,,600.0,1.06,ckan_91e70237_d9d1_4719_a82f_e71b811154c6.3837
pleasure-point,2172,517,40 to 59,PLEASURE POINT,,,,,ckan_91e70237_d9d1_4719_a82f_e71b811154c6.2689
plumpton,2761,9193,20 to 39,PLUMPTON,,475.0,438.0,0.63,ckan_91e70237_d9d1_4719_a82f_e71b811154c6.2724
point-piper,2027,1424,60+,POINT PIPER,4.0,978.0,,,ckan_91e70237_d9d1_4719_a82f_e71b811154c6.2240
the-ponds,2769,11715,20 to 39,THE PONDS,,450.0,623.0,0.94,ckan_91e70237_d9d1_4719_a82f_e71b811154c6.4583
port-botany,2036,0,60+,PORT BOTANY,,,,,ckan_91e70237_d9d1_4719_a82f_e71b811154c6.2972
port-hacking,2229,0,,PORT HACKING,,,,,ckan_91e70237_d9d1_4719_a82f_e71b811154c6.3402
potts-hill,2143,876,20 to 39,POTTS HILL,,495.0,550.0,0.89,ckan_91e70237_d9d1_4719_a82f_e71b811154c6.1966
potts-point,2011,9421,20 to 39,POTTS POINT,0.74,550.0,813.0,1.72,ckan_91e70237_d9d1_4719_a82f_e71b811154c6.730
prairiewood,2176,3254,40 to 59,PRAIRIEWOOD,,,505.0,0.8,ckan_91e70237_d9d1_4719_a82f_e71b811154c6.721
prestons,2170,15308,40 to 59,PRESTONS,,450.0,530.0,0.74,ckan_91e70237_d9d1_4719_a82f_e71b811154c6.2118
prospect,2148,4726,20 to 39,PROSPECT,0.48,423.0,485.0,0.72,ckan_91e70237_d9d1_4719_a82f_e71b811154c6.1808
punchbowl,2196,20242,20 to 39,PUNCHBOWL,0.39,380.0,530.0,0.78,ckan_91e70237_d9d1_4719_a82f_e71b811154c6.583
putney,2112,4105,40 to 59,PUTNEY,,595.0,970.0,2.1,ckan_91e70237_d9d1_4719_a82f_e71b811154c6.6
pymble,2073,11040,40 to 59,PYMBLE,0.88,600.0,990.0,2.23,ckan_91e70237_d9d1_4719_a82f_e71b811154c6.4379
pyrmont,2009,12832,20 to 39,PYRMONT,1.0,720.0,680.0,1.3,ckan_91e70237_d9d1_4719_a82f_e71b811154c6.3671
quakers-hill,2763,27077,20 to 39,QUAKERS HILL,0.55,430.0,450.0,0.75,ckan_91e70237_d9d1_4719_a82f_e71b811154c6.2671
queens-park,2022,3065,40 to 59,QUEENS PARK,,650.0,1250.0,2.74,ckan_91e70237_d9d1_4719_a82f_e71b811154c6.315
queenscliff,2096,3365,20 to 39,QUEENSCLIFF,0.96,650.0,850.0,2.41,ckan_91e70237_d9d1_4719_a82f_e71b811154c6.3196
raby,2566,5936,20 to 39,RABY,,360.0,430.0,0.59,ckan_91e70237_d9d1_4719_a82f_e71b811154c6.147
ramsgate-beach,2217,1661,60+,RAMSGATE BEACH,0.74,473.0,,,ckan_91e70237_d9d1_4719_a82f_e71b811154c6.3292
ramsgate,2217,1113,40 to 59,RAMSGATE,,510.0,650.0,1.2,ckan_91e70237_d9d1_4719_a82f_e71b811154c6.41
randwick,2031,29994,20 to 39,RANDWICK,0.88,595.0,1050.0,2.34,ckan_91e70237_d9d1_4719_a82f_e71b811154c6.1815
redfern,2016,13231,20 to 39,REDFERN,0.95,630.0,750.0,1.33,ckan_91e70237_d9d1_4719_a82f_e71b811154c6.2106
regents-park,2143,4911,20 to 39,REGENTS PARK,0.43,390.0,460.0,0.76,ckan_91e70237_d9d1_4719_a82f_e71b811154c6.4385
regentville,2745,810,40 to 59,REGENTVILLE,,,420.0,0.48,ckan_91e70237_d9d1_4719_a82f_e71b811154c6.2213
revesby-heights,2212,1662,40 to 59,REVESBY HEIGHTS,,,660.0,0.9,ckan_91e70237_d9d1_4719_a82f_e71b811154c6.3103
revesby,2212,14189,20 to 39,REVESBY,0.7,460.0,600.0,0.9,ckan_91e70237_d9d1_4719_a82f_e71b811154c6.2042
rhodes,2138,11920,20 to 39,RHODES,0.85,620.0,605.0,3.7,ckan_91e70237_d9d1_4719_a82f_e71b811154c6.2375
richmond-lowlands,2753,32,40 to 59,RICHMOND LOWLANDS,,,,,ckan_91e70237_d9d1_4719_a82f_e71b811154c6.608
richmond,2753,5499,20 to 39,RICHMOND,0.44,350.0,400.0,0.58,ckan_91e70237_d9d1_4719_a82f_e71b811154c6.1232
riverstone,2765,7238,20 to 39,RIVERSTONE,,350.0,500.0,0.72,ckan_91e70237_d9d1_4719_a82f_e71b811154c6.2274
riverview,2066,3340,5 to 19,RIVERVIEW,,,970.0,2.34,ckan_91e70237_d9d1_4719_a82f_e71b811154c6.1823
riverwood,2210,12104,20 to 39,RIVERWOOD,0.57,470.0,520.0,0.87,ckan_91e70237_d9d1_4719_a82f_e71b811154c6.1079
rockdale,2216,15521,20 to 39,ROCKDALE,0.61,500.0,610.0,1.08,ckan_91e70237_d9d1_4719_a82f_e71b811154c6.3665
rodd-point,2046,1405,40 to 59,RODD POINT,,,825.0,1.76,ckan_91e70237_d9d1_4719_a82f_e71b811154c6.2300
rookwood,2141,0,60+,ROOKWOOD,,,,,ckan_91e70237_d9d1_4719_a82f_e71b811154c6.592
rooty-hill,2766,14705,20 to 39,ROOTY HILL,0.53,430.0,430.0,0.63,ckan_91e70237_d9d1_4719_a82f_e71b811154c6.2551
ropes-crossing,2760,6172,20 to 39,ROPES CROSSING,,456.0,480.0,0.63,ckan_91e70237_d9d1_4719_a82f_e71b811154c6.3078
rose-bay,2029,10040,20 to 39,ROSE BAY,1.1,650.0,1700.0,3.28,ckan_91e70237_d9d1_4719_a82f_e71b811154c6.1512
rosebery,2018,10119,20 to 39,ROSEBERY,0.83,650.0,840.0,1.64,ckan_91e70237_d9d1_4719_a82f_e71b811154c6.1250
rosehill,2142,3795,20 to 39,ROSEHILL,0.46,410.0,480.0,0.67,ckan_91e70237_d9d1_4719_a82f_e71b811154c6.1730
roselands,2196,11589,20 to 39,ROSELANDS,0.44,390.0,550.0,0.9,ckan_91e70237_d9d1_4719_a82f_e71b811154c6.582
rosemeadow,2560,7835,20 to 39,ROSEMEADOW,0.44,320.0,393.0,0.53,ckan_91e70237_d9d1_4719_a82f_e71b811154c6.2910
roseville-chase,2069,1610,40 to 59,ROSEVILLE CHASE,,,1050.0,2.11,ckan_91e70237_d9d1_4719_a82f_e71b811154c6.4105
roseville,2069,10088,40 to 59,ROSEVILLE,0.89,610.0,1000.0,2.42,ckan_91e70237_d9d1_4719_a82f_e71b811154c6.1190
rossmore,2557,2293,40 to 59,ROSSMORE,,,565.0,0.93,ckan_91e70237_d9d1_4719_a82f_e71b811154c6.568
rouse-hill,2155,7971,40 to 59,ROUSE HILL,0.8,480.0,600.0,0.96,ckan_91e70237_d9d1_4719_a82f_e71b811154c6.1391
rozelle,2039,8720,20 to 39,ROZELLE,1.3,600.0,800.0,1.57,ckan_91e70237_d9d1_4719_a82f_e71b811154c6.4579
ruse,2560,5585,20 to 39,RUSE,,,420.0,0.57,ckan_91e70237_d9d1_4719_a82f_e71b811154c6.1353
rushcutters-bay,2011,2545,20 to 39,RUSHCUTTERS BAY,0.8,580.0,,,ckan_91e70237_d9d1_4719_a82f_e71b811154c6.779
russell-lea,2046,4999,40 to 59,RUSSELL LEA,0.78,500.0,840.0,1.77,ckan_91e70237_d9d1_4719_a82f_e71b811154c6.1219
rydalmere,2116,6657,40 to 59,RYDALMERE,0.64,420.0,493.0,1.01,ckan_91e70237_d9d1_4719_a82f_e71b811154c6.567
ryde,2112,26507,20 to 39,RYDE,0.63,500.0,650.0,1.35,ckan_91e70237_d9d1_4719_a82f_e71b811154c6.2227
sackville-north,2756,316,40 to 59,SACKVILLE NORTH,,,,,ckan_91e70237_d9d1_4719_a82f_e71b811154c6.3611
sackville,2756,294,40 to 59,SACKVILLE,,,,,ckan_91e70237_d9d1_4719_a82f_e71b811154c6.3308
sadleir,2168,3137,5 to 19,SADLEIR,,,390.0,0.56,ckan_91e70237_d9d1_4719_a82f_e71b811154c6.1241
st-andrews,2566,5733,20 to 39,ST ANDREWS,,,420.0,0.58,ckan_91e70237_d9d1_4719_a82f_e71b811154c6.1584
st-clair,2759,19894,20 to 39,ST CLAIR,,300.0,440.0,0.66,ckan_91e70237_d9d1_4719_a82f_e71b811154c6.2554
st-helens-park,2560,6609,20 to 39,ST HELENS PARK,,330.0,390.0,0.56,ckan_91e70237_d9d1_4719_a82f_e71b811154c6.1493
st-ives-chase,2075,3163,40 to 59,ST IVES CHASE,,,822.9337336804881,1.75,ckan_91e70237_d9d1_4719_a82f_e71b811154c6.587
st-ives,2075,17295,40 to 59,ST IVES,0.89,620.0,1000.0,1.9,ckan_91e70237_d9d1_4719_a82f_e71b811154c6.3047
st-johns-park,2176,6120,60+,ST JOHNS PARK,,383.0,460.0,0.76,ckan_91e70237_d9d1_4719_a82f_e71b811154c6.1036
st-leonards,2065,5488,20 to 39,ST LEONARDS,0.86,640.0,840.0,1.8,ckan_91e70237_d9d1_4719_a82f_e71b811154c6.4103
st-marys,2760,12197,20 to 39,ST MARYS,0.43,350.0,360.0,0.57,ckan_91e70237_d9d1_4719_a82f_e71b811154c6.1875
st-peters,2044,3143,20 to 39,ST PETERS,0.88,645.0,760.0,1.1,ckan_91e70237_d9d1_4719_a82f_e71b811154c6.1902
sandringham,2219,1236,40 to 59,SANDRINGHAM,,500.0,685.0,1.82,ckan_91e70237_d9d1_4719_a82f_e71b811154c6.3472
sandy-point,2172,591,40 to 59,SANDY POINT,,,,,ckan_91e70237_d9d1_4719_a82f_e71b811154c6.2920
sans-souci,2219,10296,40 to 59,SANS SOUCI,0.72,495.0,690.0,1.4,ckan_91e70237_d9d1_4719_a82f_e71b811154c6.3731
scheyville,2756,3,40 to 59,SCHEYVILLE,,,,,ckan_91e70237_d9d1_4719_a82f_e71b811154c6.2728
schofields,2762,4977,20 to 39,SCHOFIELDS,,483.0,550.0,0.76,ckan_91e70237_d9d1_4719_a82f_e71b811154c6.1385
scotland-island,2105,582,40 to 59,SCOTLAND ISLAND,,,579.7672436345573,0.98,ckan_91e70237_d9d1_4719_a82f_e71b811154c6.82
seaforth,2092,7133,40 to 59,SEAFORTH,1.41,695.0,1395.0,2.48,ckan_91e70237_d9d1_4719_a82f_e71b811154c6.34
sefton,2162,5812,20 to 39,SEFTON,0.63,410.0,500.0,0.78,ckan_91e70237_d9d1_4719_a82f_e71b811154c6.2242
seven-hills,2147,19308,20 to 39,SEVEN HILLS,0.58,400.0,420.0,0.7,ckan_91e70237_d9d1_4719_a82f_e71b811154c6.1489
shalvey,2770,3462,20 to 39,SHALVEY,,,350.0,0.48,ckan_91e70237_d9d1_4719_a82f_e71b811154c6.2425
shanes-park,2747,404,40 to 59,SHANES PARK,,,,,ckan_91e70237_d9d1_4719_a82f_e71b811154c6.4493
silverwater,2128,4159,20 to 39,SILVERWATER,0.6,415.0,445.0,0.55,ckan_91e70237_d9d1_4719_a82f_e71b811154c6.1810
singletons-mill,2775,3,20 to 39,SINGLETONS MILL,,,,,ckan_91e70237_d9d1_4719_a82f_e71b811154c6.3463
the-slopes,2754,344,40 to 59,THE SLOPES,,,,,ckan_91e70237_d9d1_4719_a82f_e71b811154c6.1575
smeaton-grange,2567,8,20 to 39,SMEATON GRANGE,,,,,ckan_91e70237_d9d1_4719_a82f_e71b811154c6.93
smithfield,2164,11977,20 to 39,SMITHFIELD,,360.0,450.0,0.68,ckan_91e70237_d9d1_4719_a82f_e71b811154c6.657
south-coogee,2034,5491,40 to 59,SOUTH COOGEE,,598.0,1250.0,2.38,ckan_91e70237_d9d1_4719_a82f_e71b811154c6.2772
south-granville,2142,5516,20 to 39,SOUTH GRANVILLE,,400.0,465.0,0.76,ckan_91e70237_d9d1_4719_a82f_e71b811154c6.3668
south-hurstville,2221,5135,20 to 39,SOUTH HURSTVILLE,0.72,470.0,600.0,1.19,ckan_91e70237_d9d1_4719_a82f_e71b811154c6.2291
south-maroota,2756,547,40 to 59,SOUTH MAROOTA,,,,,ckan_91e70237_d9d1_4719_a82f_e71b811154c6.3612
south-penrith,2750,11785,20 to 39,SOUTH PENRITH,0.51,360.0,430.0,0.63,ckan_91e70237_d9d1_4719_a82f_e71b811154c6.3152
south-turramurra,2074,3083,40 to 59,SOUTH TURRAMURRA,,,762.8535865950175,1.56,ckan_91e70237_d9d1_4719_a82f_e71b811154c6.823
south-wentworthville,2145,6212,20 to 39,SOUTH WENTWORTHVILLE,0.58,420.0,500.0,0.79,ckan_91e70237_d9d1_4719_a82f_e71b811154c6.4570
south-windsor,2756,5887,20 to 39,SOUTH WINDSOR,0.48,300.0,400.0,0.6,ckan_91e70237_d9d1_4719_a82f_e71b811154c6.688
spring-farm,2570,4295,20 to 39,SPRING FARM,,340.0,490.0,0.67,ckan_91e70237_d9d1_4719_a82f_e71b811154c6.4484
stanhope-gardens,2768,9171,20 to 39,STANHOPE GARDENS,0.54,450.0,570.0,0.86,ckan_91e70237_d9d1_4719_a82f_e71b811154c6.4043
stanmore,2048,7950,20 to 39,STANMORE,0.74,475.0,830.0,1.51,ckan_91e70237_d9d1_4719_a82f_e71b811154c6.4371
strathfield,2135,25803,20 to 39,STRATHFIELD,0.68,510.0,700.0,2.25,ckan_91e70237_d9d1_4719_a82f_e71b811154c6.1043
strathfield-south,2136,3542,20 to 39,STRATHFIELD SOUTH,0.6,480.0,650.0,1.2,ckan_91e70237_d9d1_4719_a82f_e71b811154c6.4514
summer-hill,2130,7315,20 to 39,SUMMER HILL,0.74,480.0,730.0,1.46,ckan_91e70237_d9d1_4719_a82f_e71b811154c6.4361
surry-hills,2010,16408,20 to 39,SURRY HILLS,0.78,600.0,850.0,1.65,ckan_91e70237_d9d1_4719_a82f_e71b811154c6.4533
sutherland,2232,10818,20 to 39,SUTHERLAND,0.58,460.0,560.0,0.98,ckan_91e70237_d9d1_4719_a82f_e71b811154c6.4339
sydenham,2044,1149,20 to 39,SYDENHAM,,450.0,720.0,1.15,ckan_91e70237_d9d1_4719_a82f_e71b811154c6.1578
sydney,2000,17241,20 to 39,SYDNEY,1.02,780.0,1000.0,2.31,ckan_91e70237_d9d1_4719_a82f_e71b811154c6.3646
sydney-olympic-park,2127,0,,SYDNEY OLYMPIC PARK,0.72,543.0,,,ckan_91e70237_d9d1_4719_a82f_e71b811154c6.1202
sylvania-waters,2224,3159,40 to 59,SYLVANIA WATERS,0.65,480.0,925.0,1.65,ckan_91e70237_d9d1_4719_a82f_e71b811154c6.425
sylvania,2224,10489,60+,SYLVANIA,0.82,480.0,725.0,1.17,ckan_91e70237_d9d1_4719_a82f_e71b811154c6.3730
tamarama,2026,1627,20 to 39,TAMARAMA,1.23,813.0,1800.0,4.84,ckan_91e70237_d9d1_4719_a82f_e71b811154c6.2962
taren-point,2229,1732,60+,TAREN POINT,,,745.0,1.3,ckan_91e70237_d9d1_4719_a82f_e71b811154c6.1118
telopea,2117,5426,20 to 39,TELOPEA,0.56,400.0,515.0,1.17,ckan_91e70237_d9d1_4719_a82f_e71b811154c6.931
tempe,2044,3548,20 to 39,TEMPE,,460.0,660.0,1.08,ckan_91e70237_d9d1_4719_a82f_e71b811154c6.1731
ten-mile-hollow,2250,0,60+,TEN MILE HOLLOW,,,,,ckan_91e70237_d9d1_4719_a82f_e71b811154c6.7
tennyson-point,2111,1227,40 to 59,TENNYSON POINT,,,1000.0,2.85,ckan_91e70237_d9d1_4719_a82f_e71b811154c6.2412
tennyson,2754,385,60+,TENNYSON,,,460.0,0.6,ckan_91e70237_d9d1_4719_a82f_e71b811154c6.1944
terrey-hills,2084,3034,40 to 59,TERREY HILLS,,,940.0,1.42,ckan_91e70237_d9d1_4719_a82f_e71b811154c6.95
the-rocks,2000,773,20 to 39,THE ROCKS,,,,,ckan_91e70237_d9d1_4719_a82f_e71b811154c6.1566
thornleigh,2120,8461,40 to 59,THORNLEIGH,0.87,510.0,600.0,1.06,ckan_91e70237_d9d1_4719_a82f_e71b811154c6.1833
toongabbie,2146,14345,20 to 39,TOONGABBIE,0.56,440.0,450.0,0.77,ckan_91e70237_d9d1_4719_a82f_e71b811154c6.3194
tregear,2770,3885,20 to 39,TREGEAR,,,325.0,0.43,ckan_91e70237_d9d1_4719_a82f_e71b811154c6.4074
turramurra,2074,11926,40 to 59,TURRAMURRA,0.86,570.0,850.0,1.86,ckan_91e70237_d9d1_4719_a82f_e71b811154c6.3986
turrella,2205,2522,20 to 39,TURRELLA,0.68,580.0,600.0,1.04,ckan_91e70237_d9d1_4719_a82f_e71b811154c6.3667
ultimo,2007,8831,20 to 39,ULTIMO,0.66,600.0,800.0,1.68,ckan_91e70237_d9d1_4719_a82f_e71b811154c6.3547
upper-colo,2756,60,40 to 59,UPPER COLO,,,,,ckan_91e70237_d9d1_4719_a82f_e71b811154c6.3701
upper-macdonald,2775,32,60+,UPPER MACDONALD,,,,,ckan_91e70237_d9d1_4719_a82f_e71b811154c6.3153
varroville,2566,106,60+,VARROVILLE,,,,,ckan_91e70237_d9d1_4719_a82f_e71b811154c6.2540
vaucluse,2030,9335,40 to 59,VAUCLUSE,1.11,680.0,1802.0,4.76,ckan_91e70237_d9d1_4719_a82f_e71b811154c6.1768
villawood,2163,6026,20 to 39,VILLAWOOD,,353.0,490.0,0.7,ckan_91e70237_d9d1_4719_a82f_e71b811154c6.1200
vineyard,2765,1175,60+,VINEYARD,,,555.0,0.9,ckan_91e70237_d9d1_4719_a82f_e71b811154c6.610
voyager-point,2172,1674,40 to 59,VOYAGER POINT,,,595.2615973565999,1.03,ckan_91e70237_d9d1_4719_a82f_e71b811154c6.4435
wahroonga,2076,17367,40 to 59,WAHROONGA,0.84,550.0,900.0,1.86,ckan_91e70237_d9d1_4719_a82f_e71b811154c6.2748
waitara,2077,5944,20 to 39,WAITARA,0.66,500.0,650.0,1.2,ckan_91e70237_d9d1_4719_a82f_e71b811154c6.3466
wakeley,2176,4750,20 to 39,WAKELEY,,,450.0,0.72,ckan_91e70237_d9d1_4719_a82f_e71b811154c6.723
wallacia,2745,1627,40 to 59,WALLACIA,,,430.0,0.51,ckan_91e70237_d9d1_4719_a82f_e71b811154c6.1255
wareemba,2046,1555,40 to 59,WAREEMBA,,600.0,700.0,1.87,ckan_91e70237_d9d1_4719_a82f_e71b811154c6.2513
warrawee,2074,2982,40 to 59,WARRAWEE,0.9,560.0,1075.0,3.23,ckan_91e70237_d9d1_4719_a82f_e71b811154c6.207
warriewood,2102,7497,40 to 59,WARRIEWOOD,0.87,700.0,970.0,1.46,ckan_91e70237_d9d1_4719_a82f_e71b811154c6.2802
warwick-farm,2170,5867,20 to 39,WARWICK FARM,0.34,350.0,400.0,0.41,ckan_91e70237_d9d1_4719_a82f_e71b811154c6.586
waterfall,2233,483,40 to 59,WATERFALL,,,,,ckan_91e70237_d9d1_4719_a82f_e71b811154c6.39
waterloo,2017,14619,20 to 39,WATERLOO,0.83,680.0,745.0,1.0,ckan_91e70237_d9d1_4719_a82f_e71b811154c6.1557
watsons-bay,2030,853,40 to 59,WATSONS BAY,,800.0,,,ckan_91e70237_d9d1_4719_a82f_e71b811154c6.1014
wattle-grove,2173,8960,20 to 39,WATTLE GROVE,,,520.0,0.79,ckan_91e70237_d9d1_4719_a82f_e71b811154c6.32
waverley,2024,4349,20 to 39,WAVERLEY,0.8,606.0,1158.0,2.06,ckan_91e70237_d9d1_4719_a82f_e71b811154c6.2863
waverton,2060,3010,20 to 39,WAVERTON,1.08,640.0,1125.0,3.04,ckan_91e70237_d9d1_4719_a82f_e71b811154c6.2305
webbs-creek,2775,45,60+,WEBBS CREEK,,,,,ckan_91e70237_d9d1_4719_a82f_e71b811154c6.3540
wedderburn,2560,627,40 to 59,WEDDERBURN,,,,,ckan_91e70237_d9d1_4719_a82f_e71b811154c6.3041
wentworth-point,2127,6984,20 to 39,WENTWORTH POINT,0.66,540.0,560.0,0.92,ckan_91e70237_d9d1_4719_a82f_e71b811154c6.4083
wentworthville,2145,11325,20 to 39,WENTWORTHVILLE,0.57,440.0,480.0,0.9,ckan_91e70237_d9d1_4719_a82f_e71b811154c6.1110
werrington-county,2747,3642,20 to 39,WERRINGTON COUNTY,,,425.0,0.61,ckan_91e70237_d9d1_4719_a82f_e71b811154c6.936
werrington-downs,2747,3240,20 to 39,WERRINGTON DOWNS,,,450.0,0.61,ckan_91e70237_d9d1_4719_a82f_e71b811154c6.77
werrington,2747,4028,20 to 39,WERRINGTON,0.4,330.0,470.0,0.61,ckan_91e70237_d9d1_4719_a82f_e71b811154c6.563
west-hoxton,2171,10015,40 to 59,WEST HOXTON,,490.0,535.0,0.77,ckan_91e70237_d9d1_4719_a82f_e71b811154c6.1193
west-pennant-hills,2125,16367,40 to 59,WEST PENNANT HILLS,,400.0,650.0,1.48,ckan_91e70237_d9d1_4719_a82f_e71b811154c6.2800
west-pymble,2073,5305,40 to 59,WEST PYMBLE,,,895.0,1.65,ckan_91e70237_d9d1_4719_a82f_e71b811154c6.2360
west-ryde,2114,13397,20 to 39,WEST RYDE,0.58,395.0,570.0,1.4,ckan_91e70237_d9d1_4719_a82f_e71b811154c6.3773
westleigh,2120,4463,40 to 59,WESTLEIGH,,,700.0,1.23,ckan_91e70237_d9d1_4719_a82f_e71b811154c6.3293
westmead,2145,16306,20 to 39,WESTMEAD,0.52,445.0,450.0,0.89,ckan_91e70237_d9d1_4719_a82f_e71b811154c6.2233
wetherill-park,2164,6147,20 to 39,WETHERILL PARK,,450.0,495.0,0.73,ckan_91e70237_d9d1_4719_a82f_e71b811154c6.1204
whalan,2770,5962,20 to 39,WHALAN,,280.0,340.0,0.46,ckan_91e70237_d9d1_4719_a82f_e71b811154c6.738
whale-beach,2107,0,,WHALE BEACH,,,1280.0,3.65,ckan_91e70237_d9d1_4719_a82f_e71b811154c6.2119
wheeler-heights,2097,0,,WHEELER HEIGHTS,,528.0,860.0,1.43,ckan_91e70237_d9d1_4719_a82f_e71b811154c6.3424
wheeny-creek,2758,20,40 to 59,WHEENY CREEK,,,,,ckan_91e70237_d9d1_4719_a82f_e71b811154c6.1480
wilberforce,2756,3001,40 to 59,WILBERFORCE,,,455.0,0.82,ckan_91e70237_d9d1_4719_a82f_e71b811154c6.4037
wiley-park,2195,10127,20 to 39,WILEY PARK,0.38,350.0,500.0,0.74,ckan_91e70237_d9d1_4719_a82f_e71b811154c6.4011
willmot,2770,2445,5 to 19,WILLMOT,,,310.0,0.4,ckan_91e70237_d9d1_4719_a82f_e71b811154c6.2834
willoughby-east,2068,1818,40 to 59,WILLOUGHBY EAST,,,1063.2543220223704,2.51,ckan_91e70237_d9d1_4719_a82f_e71b811154c6.2905
willoughby,2068,6542,40 to 59,WILLOUGHBY,0.92,540.0,945.0,2.12,ckan_91e70237_d9d1_4719_a82f_e71b811154c6.4104
windsor-downs,2756,1183,40 to 59,WINDSOR DOWNS,,,,,ckan_91e70237_d9d1_4719_a82f_e71b811154c6.2161
windsor,2756,1900,40 to 59,WINDSOR,0.41,295.0,400.0,0.65,ckan_91e70237_d9d1_4719_a82f_e71b811154c6.1203
winston-hills,2153,11694,40 to 59,WINSTON HILLS,0.67,475.0,550.0,0.94,ckan_91e70237_d9d1_4719_a82f_e71b811154c6.3985
wisemans-ferry,2775,229,40 to 59,WISEMANS FERRY,,,,,ckan_91e70237_d9d1_4719_a82f_e71b811154c6.672
wolli-creek,2205,6387,20 to 39,WOLLI CREEK,0.72,600.0,,,ckan_91e70237_d9d1_4719_a82f_e71b811154c6.4279
wollstonecraft,2065,8323,20 to 39,WOLLSTONECRAFT,1.01,600.0,1200.0,2.94,ckan_91e70237_d9d1_4719_a82f_e71b811154c6.5
womerah,2756,0,60+,WOMERAH,,,,,ckan_91e70237_d9d1_4719_a82f_e71b811154c6.1335
woodbine,2560,2750,20 to 39,WOODBINE,,,380.0,0.63,ckan_91e70237_d9d1_4719_a82f_e71b811154c6.1511
woodcroft,2767,6448,20 to 39,WOODCROFT,,530.0,480.0,0.65,ckan_91e70237_d9d1_4719_a82f_e71b811154c6.3110
woodpark,2164,1519,20 to 39,WOODPARK,,,578.0,0.69,ckan_91e70237_d9d1_4719_a82f_e71b811154c6.73
woollahra,2025,7414,20 to 39,WOOLLAHRA,1.18,690.0,1450.0,3.1,ckan_91e70237_d9d1_4719_a82f_e71b811154c6.3761
woolloomooloo,2011,4014,20 to 39,WOOLLOOMOOLOO,1.15,650.0,755.0,1.54,ckan_91e70237_d9d1_4719_a82f_e71b811154c6.4282
woolooware,2230,3967,40 to 59,WOOLOOWARE,0.67,515.0,850.0,1.56,ckan_91e70237_d9d1_4719_a82f_e71b811154c6.1208
woolwich,2110,814,60+,WOOLWICH,,450.0,1714.9658122495005,4.57,ckan_91e70237_d9d1_4719_a82f_e71b811154c6.53
woronora,2232,2193,40 to 59,WORONORA,,,650.0,1.16,ckan_91e70237_d9d1_4719_a82f_e71b811154c6.4572
woronora-dam,2508,0,60+,WORONORA DAM,,,,,ckan_91e70237_d9d1_4719_a82f_e71b811154c6.391
woronora-heights,2233,2870,40 to 59,WORONORA HEIGHTS,,,601.6174444956416,1.05,ckan_91e70237_d9d1_4719_a82f_e71b811154c6.3605
wrights-creek,2775,19,40 to 59,WRIGHTS CREEK,,,,,ckan_91e70237_d9d1_4719_a82f_e71b811154c6.401
yagoona,2199,18014,20 to 39,YAGOONA,0.5,430.0,500.0,0.8,ckan_91e70237_d9d1_4719_a82f_e71b811154c6.573
yarramundi,2753,828,40 to 59,YARRAMUNDI,,,,,ckan_91e70237_d9d1_4719_a82f_e71b811154c6.1468
yarrawarrah,2233,2726,40 to 59,YARRAWARRAH,,,588.6211600471531,1.01,ckan_91e70237_d9d1_4719_a82f_e71b811154c6.3705
yennora,2161,1616,60+,YENNORA,,440.0,400.0,0.41,ckan_91e70237_d9d1_4719_a82f_e71b811154c6.1186
yowie-bay,2228,3095,40 to 59,YOWIE BAY,,,820.0,1.67,ckan_91e70237_d9d1_4719_a82f_e71b811154c6.1620
zetland,2017,10071,20 to 39,ZETLAND,0.88,735.0,978.0,1.32,ckan_91e70237_d9d1_4719_a82f_e71b811154c6.420
